pg_dump: warning: there are circular foreign-key constraints on this table:
pg_dump: detail: location
pg_dump: hint: You might not be able to restore the dump without using --disable-triggers or temporarily dropping the constraints.
pg_dump: hint: Consider using a full dump instead of a --data-only dump to avoid this problem.
--
-- PostgreSQL database dump
--

\restrict LJp8omrxV62mMeIEwo0Hin3ZUl6KemtYYQyZZC2fkuvKyTigc5mpj6Gk3vaOWlz

-- Dumped from database version 18.3
-- Dumped by pg_dump version 18.3

SET statement_timeout = 0;
SET lock_timeout = 0;
SET idle_in_transaction_session_timeout = 0;
SET transaction_timeout = 0;
SET client_encoding = 'UTF8';
SET standard_conforming_strings = on;
SELECT pg_catalog.set_config('search_path', '', false);
SET check_function_bodies = false;
SET xmloption = content;
SET client_min_messages = warning;
SET row_security = off;

--
-- Data for Name: user; Type: TABLE DATA; Schema: public; Owner: admin@email.com
--

INSERT INTO public."user" (user_id, email, first_name, last_name, phone, status, verified_at, created_at, updated_at) VALUES ('e6c615da-c738-4821-a255-e9a1d875407e', 'trude-rogner.18@example.com', 'Trude', 'Rogner', NULL, 'active', '2026-04-19 12:56:33.303257+00', '2026-04-21 12:56:33.164269+00', '2026-04-21 12:56:33.164269+00');
INSERT INTO public."user" (user_id, email, first_name, last_name, phone, status, verified_at, created_at, updated_at) VALUES ('e5dd1972-3ad3-44ba-b637-4b4f33a35ea6', 'juri-schwital.08@example.com', 'Juri', 'Schwital', '03503 05641', 'active', '2026-04-17 12:56:33.303257+00', '2026-04-21 12:56:33.164269+00', '2026-04-21 12:56:33.164269+00');
INSERT INTO public."user" (user_id, email, first_name, last_name, phone, status, verified_at, created_at, updated_at) VALUES ('4c452305-cad1-4f02-a319-3ee53056b285', 'alvaro-beltran.20@example.com', 'Álvaro', 'Beltrán', '57 319 310 34 13', 'active', '2026-04-15 12:56:33.303257+00', '2026-04-21 12:56:33.164269+00', '2026-04-21 12:56:33.164269+00');
INSERT INTO public."user" (user_id, email, first_name, last_name, phone, status, verified_at, created_at, updated_at) VALUES ('6f5b7389-37e9-4beb-a9fb-eece23b25620', 'natascha-dorschner.12@example.com', 'Natascha', 'Dörschner', NULL, 'active', '2026-04-13 12:56:33.303257+00', '2026-04-21 12:56:33.164269+00', '2026-04-21 12:56:33.164269+00');
INSERT INTO public."user" (user_id, email, first_name, last_name, phone, status, verified_at, created_at, updated_at) VALUES ('d350b8c0-e651-4fca-83e0-a260c37ab713', 'dorte-hettner.05@example.com', 'Dörte', 'Hettner', '+49(0)7816184959', 'active', '2026-04-11 12:56:33.303257+00', '2026-04-21 12:56:33.164269+00', '2026-04-21 12:56:33.164269+00');
INSERT INTO public."user" (user_id, email, first_name, last_name, phone, status, verified_at, created_at, updated_at) VALUES ('d46b5356-6705-4c77-a399-3fa7194a2c7c', 'igor-bohlander.16@example.com', 'Igor', 'Bohlander', '+49(0) 911718227', 'active', '2026-04-09 12:56:33.303257+00', '2026-04-21 12:56:33.164269+00', '2026-04-21 12:56:33.164269+00');
INSERT INTO public."user" (user_id, email, first_name, last_name, phone, status, verified_at, created_at, updated_at) VALUES ('930d2be9-94cc-4e37-9613-839a55b96f56', 'peter-michael-wiek.15@example.com', 'Peter-Michael', 'Wiek', NULL, 'active', '2026-04-07 12:56:33.303257+00', '2026-04-21 12:56:33.164269+00', '2026-04-21 12:56:33.164269+00');
INSERT INTO public."user" (user_id, email, first_name, last_name, phone, status, verified_at, created_at, updated_at) VALUES ('2fa62016-d8ae-4c9c-a3fa-62f8b75bd1af', 'heimo-rosenow.10@example.com', 'Heimo', 'Rosenow', '03767242388', 'active', '2026-04-05 12:56:33.303257+00', '2026-04-21 12:56:33.164269+00', '2026-04-21 12:56:33.164269+00');
INSERT INTO public."user" (user_id, email, first_name, last_name, phone, status, verified_at, created_at, updated_at) VALUES ('944ef47b-4cf2-4f37-95ee-858e2ced0813', 'gotthold-koch-ii.07@example.com', 'Gotthold', 'Koch II', '03419283276', 'active', '2026-04-03 12:56:33.303257+00', '2026-04-21 12:56:33.164269+00', '2026-04-21 12:56:33.164269+00');
INSERT INTO public."user" (user_id, email, first_name, last_name, phone, status, verified_at, created_at, updated_at) VALUES ('ae9be802-8d49-4f92-9ac8-6e83034b1846', 'rafael-perez.17@example.com', 'Rafael', 'Pérez', '573254235116', 'active', '2026-04-01 12:56:33.303257+00', '2026-04-21 12:56:33.164269+00', '2026-04-21 12:56:33.164269+00');
INSERT INTO public."user" (user_id, email, first_name, last_name, phone, status, verified_at, created_at, updated_at) VALUES ('31fe1245-62ce-4085-8e37-90148aead1f4', 'dorothea-bauer.02@example.com', 'Dorothea', 'Bauer', '03863 79402', 'active', '2026-03-30 12:56:33.303257+00', '2026-04-21 12:56:33.164269+00', '2026-04-21 12:56:33.164269+00');
INSERT INTO public."user" (user_id, email, first_name, last_name, phone, status, verified_at, created_at, updated_at) VALUES ('8a3304b0-e792-4104-8e1e-a9f4b4d61e50', 'diana-sanabria.19@example.com', 'Diana', 'Sanabria', '+57 300 781 61 84', 'active', '2026-03-28 12:56:33.303257+00', '2026-04-21 12:56:33.164269+00', '2026-04-21 12:56:33.164269+00');
INSERT INTO public."user" (user_id, email, first_name, last_name, phone, status, verified_at, created_at, updated_at) VALUES ('296900cc-52f8-4e04-b191-3183108b18a3', 'wilfriede-rohrdanz.13@example.com', 'Wilfriede', 'Röhrdanz', '+49(0)1845146270', 'active', '2026-03-26 12:56:33.303257+00', '2026-04-21 12:56:33.164269+00', '2026-04-21 12:56:33.164269+00');
INSERT INTO public."user" (user_id, email, first_name, last_name, phone, status, verified_at, created_at, updated_at) VALUES ('bb80d9bb-f4fa-4832-957c-d8607c859c17', 'hilda-lochel.04@example.com', 'Hilda', 'Löchel', '04235116155', 'active', '2026-03-24 12:56:33.303257+00', '2026-04-21 12:56:33.164269+00', '2026-04-21 12:56:33.164269+00');
INSERT INTO public."user" (user_id, email, first_name, last_name, phone, status, verified_at, created_at, updated_at) VALUES ('d6c79e69-c6b5-4744-9594-c6ac899f1f6d', 'jairo-vargas.03@example.com', 'Jairo', 'Vargas', '+57 601 218 19 60', 'active', '2026-03-22 12:56:33.303257+00', '2026-04-21 12:56:33.164269+00', '2026-04-21 12:56:33.164269+00');
INSERT INTO public."user" (user_id, email, first_name, last_name, phone, status, verified_at, created_at, updated_at) VALUES ('769027f7-3ab5-4493-ada1-25da8bbe938e', 'marina-mora.09@example.com', 'Marina', 'Mora', NULL, 'active', '2026-03-20 12:56:33.303257+00', '2026-04-21 12:56:33.164269+00', '2026-04-21 12:56:33.164269+00');
INSERT INTO public."user" (user_id, email, first_name, last_name, phone, status, verified_at, created_at, updated_at) VALUES ('6111c133-b6b8-41f8-bb62-f0f51145ff0f', 'jonathan-weinhold.11@example.com', 'Jonathan', 'Weinhold', '(06965) 328710', 'active', '2026-03-18 12:56:33.303257+00', '2026-04-21 12:56:33.164269+00', '2026-04-21 12:56:33.164269+00');
INSERT INTO public."user" (user_id, email, first_name, last_name, phone, status, verified_at, created_at, updated_at) VALUES ('812a4f1c-03e8-4744-8806-dd2b284258cd', 'ute-ullmann.14@example.com', 'Ute', 'Ullmann', '+49(0)8281 48932', 'active', '2026-03-16 12:56:33.303257+00', '2026-04-21 12:56:33.164269+00', '2026-04-21 12:56:33.164269+00');
INSERT INTO public."user" (user_id, email, first_name, last_name, phone, status, verified_at, created_at, updated_at) VALUES ('1dd4913e-12f4-41cc-9db7-193b1d6fe4f0', 'hans-jochen-tlustek.06@example.com', 'Hans-Jochen', 'Tlustek', '+49(0)0341 316475', 'active', '2026-03-14 12:56:33.303257+00', '2026-04-21 12:56:33.164269+00', '2026-04-21 12:56:33.164269+00');
INSERT INTO public."user" (user_id, email, first_name, last_name, phone, status, verified_at, created_at, updated_at) VALUES ('40bc2369-abfb-4f50-ab74-136beeed0e7e', 'hellmuth-etzold.01@example.com', 'Hellmuth', 'Etzold', '+49(0)8196 001338', 'active', '2026-03-12 12:56:33.303257+00', '2026-04-21 12:56:33.164269+00', '2026-04-21 12:56:33.164269+00');


--
-- Data for Name: account; Type: TABLE DATA; Schema: public; Owner: admin@email.com
--

INSERT INTO public.account (auth_id, user_id, provider, provider_account_id, access_token, refresh_token, scope, expires_at, password_hash, created_at, updated_at) VALUES ('182f20f9-d032-491b-a5d6-68452058936a', 'e6c615da-c738-4821-a255-e9a1d875407e', 'password', 'password-trude-rogner-18-example-com', NULL, NULL, 'local-login', NULL, '$2b$12$c6acf11e7489685f09426171d58cd4c6', '2026-04-21 12:56:33.164269+00', '2026-04-21 12:56:33.164269+00');
INSERT INTO public.account (auth_id, user_id, provider, provider_account_id, access_token, refresh_token, scope, expires_at, password_hash, created_at, updated_at) VALUES ('b7f85a67-d3d1-41c4-99e5-63811cbf1d23', 'e5dd1972-3ad3-44ba-b637-4b4f33a35ea6', 'password', 'password-juri-schwital-08-example-com', NULL, NULL, 'local-login', NULL, '$2b$12$087f2b534b1af9b828b48b937ddd9ee1', '2026-04-21 12:56:33.164269+00', '2026-04-21 12:56:33.164269+00');
INSERT INTO public.account (auth_id, user_id, provider, provider_account_id, access_token, refresh_token, scope, expires_at, password_hash, created_at, updated_at) VALUES ('6865a0c3-d802-42e9-9733-2a35ac3a26ed', '4c452305-cad1-4f02-a319-3ee53056b285', 'password', 'password-alvaro-beltran-20-example-com', NULL, NULL, 'local-login', NULL, '$2b$12$7825271afed253141460f5d81a205ad3', '2026-04-21 12:56:33.164269+00', '2026-04-21 12:56:33.164269+00');
INSERT INTO public.account (auth_id, user_id, provider, provider_account_id, access_token, refresh_token, scope, expires_at, password_hash, created_at, updated_at) VALUES ('7cf90ceb-0572-441a-9cd6-3a9288836e28', '6f5b7389-37e9-4beb-a9fb-eece23b25620', 'google', 'google-natascha-dorschner-12-example-com', 'iyMAGSGLxY2cyyONl4hGN_g0DLEEQLOu', '47vZkv255BbaXhcbC2EQpsv9fsJRTQu-', 'email profile', '2027-04-21 12:56:33.303257+00', '$2b$12$e1be02ea53c8af867037eded138b7853', '2026-04-21 12:56:33.164269+00', '2026-04-21 12:56:33.164269+00');
INSERT INTO public.account (auth_id, user_id, provider, provider_account_id, access_token, refresh_token, scope, expires_at, password_hash, created_at, updated_at) VALUES ('f4535089-0cfc-485e-bcbb-c8b3f0a3ca04', 'd350b8c0-e651-4fca-83e0-a260c37ab713', 'facebook', 'facebook-dorte-hettner-05-example-com', 'or-sjhcQaKFgnm9YuKR8BqsLzca0JcxJ', 'o_9qFdg9x3Ia5qB3sguF0lgWYLMIwgiG', 'email profile', '2027-04-21 12:56:33.303257+00', '$2b$12$a21d74432e0a24d7fa5d34552a50e30a', '2026-04-21 12:56:33.164269+00', '2026-04-21 12:56:33.164269+00');
INSERT INTO public.account (auth_id, user_id, provider, provider_account_id, access_token, refresh_token, scope, expires_at, password_hash, created_at, updated_at) VALUES ('2706c9ae-961f-423a-9c23-288f7885d17c', 'd46b5356-6705-4c77-a399-3fa7194a2c7c', 'password', 'password-igor-bohlander-16-example-com', NULL, NULL, 'local-login', NULL, '$2b$12$6ff849f126cacacbff0594a5c348a154', '2026-04-21 12:56:33.164269+00', '2026-04-21 12:56:33.164269+00');
INSERT INTO public.account (auth_id, user_id, provider, provider_account_id, access_token, refresh_token, scope, expires_at, password_hash, created_at, updated_at) VALUES ('1ba8a55c-8d54-4b14-a84c-11d35493192c', '930d2be9-94cc-4e37-9613-839a55b96f56', 'password', 'password-peter-michael-wiek-15-example-com', NULL, NULL, 'local-login', NULL, '$2b$12$0254dca7e989ece40d0c6e0e498e168d', '2026-04-21 12:56:33.164269+00', '2026-04-21 12:56:33.164269+00');
INSERT INTO public.account (auth_id, user_id, provider, provider_account_id, access_token, refresh_token, scope, expires_at, password_hash, created_at, updated_at) VALUES ('c824345f-3c36-48f4-8254-6538a1cb9b93', '2fa62016-d8ae-4c9c-a3fa-62f8b75bd1af', 'google', 'google-heimo-rosenow-10-example-com', 'MHRm1UPGqCSnAzMlZIT8GAsiM6Hkx4A_', 'gOkhmLu1HRKWqCkhFLNLvRn3lYaTEYb3', 'email profile', '2027-04-21 12:56:33.303257+00', '$2b$12$b70f154618bf55ba22afecdabb238e30', '2026-04-21 12:56:33.164269+00', '2026-04-21 12:56:33.164269+00');
INSERT INTO public.account (auth_id, user_id, provider, provider_account_id, access_token, refresh_token, scope, expires_at, password_hash, created_at, updated_at) VALUES ('bc919268-b5f8-42f0-af07-9f7a04551faf', '944ef47b-4cf2-4f37-95ee-858e2ced0813', 'password', 'password-gotthold-koch-ii-07-example-com', NULL, NULL, 'local-login', NULL, '$2b$12$87b8d05c495b9f95e09811d3468030b3', '2026-04-21 12:56:33.164269+00', '2026-04-21 12:56:33.164269+00');
INSERT INTO public.account (auth_id, user_id, provider, provider_account_id, access_token, refresh_token, scope, expires_at, password_hash, created_at, updated_at) VALUES ('3353a235-984c-496b-90ef-b0272894df53', 'ae9be802-8d49-4f92-9ac8-6e83034b1846', 'facebook', 'facebook-rafael-perez-17-example-com', 'Q5deiNKPQzqsqgatfCrCtm87QfpFD9pZ', 'MV3PwACXqhYrBE5SaOCj3VykPEELu4K9', 'email profile', '2027-04-21 12:56:33.303257+00', '$2b$12$592fdff1a85e2fbd33a2b25a71616311', '2026-04-21 12:56:33.164269+00', '2026-04-21 12:56:33.164269+00');
INSERT INTO public.account (auth_id, user_id, provider, provider_account_id, access_token, refresh_token, scope, expires_at, password_hash, created_at, updated_at) VALUES ('52b2ed7f-b8de-442c-957f-55ac59bcb0f1', '31fe1245-62ce-4085-8e37-90148aead1f4', 'password', 'password-dorothea-bauer-02-example-com', NULL, NULL, 'local-login', NULL, '$2b$12$6f8c527a940f9f51dcf27d3d9a85a357', '2026-04-21 12:56:33.164269+00', '2026-04-21 12:56:33.164269+00');
INSERT INTO public.account (auth_id, user_id, provider, provider_account_id, access_token, refresh_token, scope, expires_at, password_hash, created_at, updated_at) VALUES ('f929e853-d48b-451d-ba8b-91f91b73c152', '8a3304b0-e792-4104-8e1e-a9f4b4d61e50', 'google', 'google-diana-sanabria-19-example-com', 'VJwLnmGgB1zIPXeFI9oTCm4cbu-nTgW9', 'GNgbsH_IsgInbDGTd9a1kqU_d-DSLCxR', 'email profile', '2027-04-21 12:56:33.303257+00', '$2b$12$8a849bedfed03a18ee6fc31be1f30e73', '2026-04-21 12:56:33.164269+00', '2026-04-21 12:56:33.164269+00');
INSERT INTO public.account (auth_id, user_id, provider, provider_account_id, access_token, refresh_token, scope, expires_at, password_hash, created_at, updated_at) VALUES ('a6071c8f-9c72-4932-a47f-d07873258786', '296900cc-52f8-4e04-b191-3183108b18a3', 'password', 'password-wilfriede-rohrdanz-13-example-com', NULL, NULL, 'local-login', NULL, '$2b$12$083655ad18bdabbc84a00d146f4e3e66', '2026-04-21 12:56:33.164269+00', '2026-04-21 12:56:33.164269+00');
INSERT INTO public.account (auth_id, user_id, provider, provider_account_id, access_token, refresh_token, scope, expires_at, password_hash, created_at, updated_at) VALUES ('3a239a06-679d-43a7-b796-8bbf4707efd8', 'bb80d9bb-f4fa-4832-957c-d8607c859c17', 'password', 'password-hilda-lochel-04-example-com', NULL, NULL, 'local-login', NULL, '$2b$12$86e793ce69813dc73d7bdbbed5faa8bc', '2026-04-21 12:56:33.164269+00', '2026-04-21 12:56:33.164269+00');
INSERT INTO public.account (auth_id, user_id, provider, provider_account_id, access_token, refresh_token, scope, expires_at, password_hash, created_at, updated_at) VALUES ('618c0b70-15fc-4545-8bf5-01e86eb6a859', 'd6c79e69-c6b5-4744-9594-c6ac899f1f6d', 'facebook', 'facebook-jairo-vargas-03-example-com', 'Sq_fN_bsboP8M1jtNvaCC2DywqRTg-Bp', 'Imf45mpp11E2FQt9wsx5DioOJUGXM084', 'email profile', '2027-04-21 12:56:33.303257+00', '$2b$12$e5ecf496148bf3c4d62f026559cadff0', '2026-04-21 12:56:33.164269+00', '2026-04-21 12:56:33.164269+00');
INSERT INTO public.account (auth_id, user_id, provider, provider_account_id, access_token, refresh_token, scope, expires_at, password_hash, created_at, updated_at) VALUES ('626c33b4-eaa7-48aa-8b73-b0c31c587f5b', '769027f7-3ab5-4493-ada1-25da8bbe938e', 'google', 'google-marina-mora-09-example-com', 'aobmZBmX461jGla-J0Qtwxpqvxwr37NN', 'BCjmkrQECt-3yullYfo_U_YWMyDRuMW0', 'email profile', '2027-04-21 12:56:33.303257+00', '$2b$12$f82a5d8ac0d1beae3c33a6cc4285729d', '2026-04-21 12:56:33.164269+00', '2026-04-21 12:56:33.164269+00');
INSERT INTO public.account (auth_id, user_id, provider, provider_account_id, access_token, refresh_token, scope, expires_at, password_hash, created_at, updated_at) VALUES ('81d9e307-9641-4128-bf63-f82f77ab6225', '6111c133-b6b8-41f8-bb62-f0f51145ff0f', 'password', 'password-jonathan-weinhold-11-example-com', NULL, NULL, 'local-login', NULL, '$2b$12$4a17ef1417a163110072182c29ca58e3', '2026-04-21 12:56:33.164269+00', '2026-04-21 12:56:33.164269+00');
INSERT INTO public.account (auth_id, user_id, provider, provider_account_id, access_token, refresh_token, scope, expires_at, password_hash, created_at, updated_at) VALUES ('e107a9e8-ac08-4209-a9c8-c1db7470b9e2', '812a4f1c-03e8-4744-8806-dd2b284258cd', 'password', 'password-ute-ullmann-14-example-com', NULL, NULL, 'local-login', NULL, '$2b$12$90430a1bd5df59c0ac9a25ed73c281ed', '2026-04-21 12:56:33.164269+00', '2026-04-21 12:56:33.164269+00');
INSERT INTO public.account (auth_id, user_id, provider, provider_account_id, access_token, refresh_token, scope, expires_at, password_hash, created_at, updated_at) VALUES ('c52a0032-1a39-4880-b0bd-1f25464077fa', '1dd4913e-12f4-41cc-9db7-193b1d6fe4f0', 'password', 'password-hans-jochen-tlustek-06-example-com', NULL, NULL, 'local-login', NULL, '$2b$12$c3a9b20594c85a1c615c9e6587faa399', '2026-04-21 12:56:33.164269+00', '2026-04-21 12:56:33.164269+00');
INSERT INTO public.account (auth_id, user_id, provider, provider_account_id, access_token, refresh_token, scope, expires_at, password_hash, created_at, updated_at) VALUES ('1f9192f3-a078-4c68-b2af-9fd02672ed71', '40bc2369-abfb-4f50-ab74-136beeed0e7e', 'google', 'google-hellmuth-etzold-01-example-com', 'UvZngZREvgz0fhZqiyq8cnpY5_RyGrxt', 'lfB1WRQvTlwsBv1rxmvROCeySyhqdiLH', 'email profile', '2027-04-21 12:56:33.303257+00', '$2b$12$0162cc1d99693a1c167c349d6bd9b9ec', '2026-04-21 12:56:33.164269+00', '2026-04-21 12:56:33.164269+00');


--
-- Data for Name: amenity; Type: TABLE DATA; Schema: public; Owner: admin@email.com
--

INSERT INTO public.amenity (amenity_id, code, name, category) VALUES ('071934c2-a990-464c-899e-0946db0a4058', 'wifi', 'WLAN', 'connectivity');
INSERT INTO public.amenity (amenity_id, code, name, category) VALUES ('f20ae0c3-2199-4e57-924e-858da80deae3', 'kitchen', 'Küche', 'home');
INSERT INTO public.amenity (amenity_id, code, name, category) VALUES ('ed199125-bf46-4a61-bf77-e6980fcbcd35', 'washer', 'Waschmaschine', 'laundry');
INSERT INTO public.amenity (amenity_id, code, name, category) VALUES ('14f23feb-e151-4bd7-a37c-1284405c95cc', 'dryer', 'Trockner', 'laundry');
INSERT INTO public.amenity (amenity_id, code, name, category) VALUES ('23d29c5e-8a01-419f-8f4d-0ad28e12346c', 'parking', 'Parkplatz', 'transport');
INSERT INTO public.amenity (amenity_id, code, name, category) VALUES ('913fdc02-4e94-4579-865e-8856b8fb3658', 'ac', 'Aire acondicionado', 'comfort');
INSERT INTO public.amenity (amenity_id, code, name, category) VALUES ('4d529603-95e4-4c52-984c-0690ab5a2bb5', 'heating', 'Heizung', 'comfort');
INSERT INTO public.amenity (amenity_id, code, name, category) VALUES ('99b78e4c-a5a9-495c-a30d-0e8ca81ebf4b', 'pool', 'Piscina', 'leisure');
INSERT INTO public.amenity (amenity_id, code, name, category) VALUES ('1d84f02f-1271-4896-965c-42363aebc533', 'balcony', 'Balkon', 'outdoor');
INSERT INTO public.amenity (amenity_id, code, name, category) VALUES ('14c61d01-f8c7-49c3-80a6-ada23760aca2', 'elevator', 'Aufzug', 'access');
INSERT INTO public.amenity (amenity_id, code, name, category) VALUES ('5466a33d-dee1-44be-b11b-cffc21ac38b2', 'workspace', 'Escritorio', 'work');
INSERT INTO public.amenity (amenity_id, code, name, category) VALUES ('eac5795f-2a50-4e45-98c6-5533d7f6608a', 'tv', 'Televisor', 'entertainment');
INSERT INTO public.amenity (amenity_id, code, name, category) VALUES ('3984e139-c3ad-406a-a448-a6475667d090', 'coffee', 'Cafetera', 'kitchen');
INSERT INTO public.amenity (amenity_id, code, name, category) VALUES ('3de4fd18-0854-4941-9ce3-557eb2348b7a', 'iron', 'Plancha', 'utility');
INSERT INTO public.amenity (amenity_id, code, name, category) VALUES ('d27a348c-0141-4d8a-adb6-a5508010310f', 'hairdryer', 'Secador de pelo', 'bathroom');
INSERT INTO public.amenity (amenity_id, code, name, category) VALUES ('f8eb69ab-0d1d-4883-bacf-5fd8b673ae17', 'self_checkin', 'Check-in automático', 'access');
INSERT INTO public.amenity (amenity_id, code, name, category) VALUES ('f160baf4-49af-4264-9f7c-5b008b3ac6d4', 'family_friendly', 'Familienfreundlich', 'family');
INSERT INTO public.amenity (amenity_id, code, name, category) VALUES ('bd0b3ff1-68aa-4ceb-bbc9-f6af635127da', 'pet_friendly', 'Pet friendly', 'family');
INSERT INTO public.amenity (amenity_id, code, name, category) VALUES ('29b0dfe1-e8fe-47fe-aa18-579425844a9c', 'sea_view', 'Vista al mar', 'view');
INSERT INTO public.amenity (amenity_id, code, name, category) VALUES ('5755cd84-1539-40b4-bdeb-c52ace02e78b', 'garden', 'Garten', 'outdoor');


--
-- Data for Name: cancellation_policy; Type: TABLE DATA; Schema: public; Owner: admin@email.com
--

INSERT INTO public.cancellation_policy (policy_id, code, name, rules_json) VALUES ('f1f00780-5816-472a-8bcc-d872e70743dd', 'flex_24h', 'Flexible 24 hours', '{"description": "Flexible 24 hours", "policy_rank": 1, "refund_before_days": 1, "guest_fee_percentage": 0.1, "host_payout_delay_hours": 24}');
INSERT INTO public.cancellation_policy (policy_id, code, name, rules_json) VALUES ('da6863f7-a646-47d5-a92e-2e3fa9e1647c', 'flex_3d', 'Flexible 3 days', '{"description": "Flexible 3 days", "policy_rank": 2, "refund_before_days": 3, "guest_fee_percentage": 0.1, "host_payout_delay_hours": 24}');
INSERT INTO public.cancellation_policy (policy_id, code, name, rules_json) VALUES ('766f87e6-f0ab-42e9-b88f-d506ae289291', 'moderate_5d', 'Moderate 5 days', '{"description": "Moderate 5 days", "policy_rank": 3, "refund_before_days": 5, "guest_fee_percentage": 0.1, "host_payout_delay_hours": 24}');
INSERT INTO public.cancellation_policy (policy_id, code, name, rules_json) VALUES ('746bfebe-f05c-4f15-90f8-5ebb0d8c6d03', 'moderate_7d', 'Moderate 7 days', '{"description": "Moderate 7 days", "policy_rank": 4, "refund_before_days": 7, "guest_fee_percentage": 0.1, "host_payout_delay_hours": 24}');
INSERT INTO public.cancellation_policy (policy_id, code, name, rules_json) VALUES ('2a7e2206-ac25-4dd6-a3dc-7f1915b9d718', 'strict_7d', 'Strict 7 days', '{"description": "Strict 7 days", "policy_rank": 5, "refund_before_days": 7, "guest_fee_percentage": 0.1, "host_payout_delay_hours": 24}');
INSERT INTO public.cancellation_policy (policy_id, code, name, rules_json) VALUES ('a33544d8-2741-4213-a66c-128b5357dc2d', 'strict_14d', 'Strict 14 days', '{"description": "Strict 14 days", "policy_rank": 6, "refund_before_days": 14, "guest_fee_percentage": 0.1, "host_payout_delay_hours": 24}');
INSERT INTO public.cancellation_policy (policy_id, code, name, rules_json) VALUES ('6fcb5bb6-d9ca-40b1-a6a8-baae9d6b15e0', 'super_strict', 'Super strict', '{"description": "Super strict", "policy_rank": 7, "refund_before_days": 14, "guest_fee_percentage": 0.1, "host_payout_delay_hours": 24}');
INSERT INTO public.cancellation_policy (policy_id, code, name, rules_json) VALUES ('d7ba15ea-a5ca-4d2f-b12d-1b27ed856c6a', 'long_stay', 'Long stay', '{"description": "Long stay", "policy_rank": 8, "refund_before_days": 30, "guest_fee_percentage": 0.1, "host_payout_delay_hours": 24}');
INSERT INTO public.cancellation_policy (policy_id, code, name, rules_json) VALUES ('16887222-1bb1-4b2c-b6ad-a4b19515c5ca', 'weekend_friendly', 'Weekend friendly', '{"description": "Weekend friendly", "policy_rank": 9, "refund_before_days": 2, "guest_fee_percentage": 0.1, "host_payout_delay_hours": 24}');
INSERT INTO public.cancellation_policy (policy_id, code, name, rules_json) VALUES ('69b645c7-d3b1-4440-9c62-a205605a7d28', 'family_friendly', 'Family friendly', '{"description": "Family friendly", "policy_rank": 10, "refund_before_days": 5, "guest_fee_percentage": 0.1, "host_payout_delay_hours": 24}');
INSERT INTO public.cancellation_policy (policy_id, code, name, rules_json) VALUES ('6a699b3e-a2b7-4e8f-a84f-41d0f12928b1', 'business', 'Business travel', '{"description": "Business travel", "policy_rank": 11, "refund_before_days": 3, "guest_fee_percentage": 0.1, "host_payout_delay_hours": 24}');
INSERT INTO public.cancellation_policy (policy_id, code, name, rules_json) VALUES ('5e525da4-fcaf-4900-8a1e-9c2a2d36b270', 'seasonal', 'Seasonal', '{"description": "Seasonal", "policy_rank": 12, "refund_before_days": 7, "guest_fee_percentage": 0.1, "host_payout_delay_hours": 24}');
INSERT INTO public.cancellation_policy (policy_id, code, name, rules_json) VALUES ('011fab56-9718-4c93-9c20-18bff14adc24', 'flex_budget', 'Flexible budget', '{"description": "Flexible budget", "policy_rank": 13, "refund_before_days": 1, "guest_fee_percentage": 0.1, "host_payout_delay_hours": 24}');
INSERT INTO public.cancellation_policy (policy_id, code, name, rules_json) VALUES ('4aef0d8d-4f26-4685-8a9e-0556c16a9c0c', 'premium', 'Premium', '{"description": "Premium", "policy_rank": 14, "refund_before_days": 14, "guest_fee_percentage": 0.1, "host_payout_delay_hours": 24}');
INSERT INTO public.cancellation_policy (policy_id, code, name, rules_json) VALUES ('9a6ac525-b958-4721-b70a-4391e286b929', 'last_minute', 'Last minute', '{"description": "Last minute", "policy_rank": 15, "refund_before_days": 0, "guest_fee_percentage": 0.1, "host_payout_delay_hours": 24}');
INSERT INTO public.cancellation_policy (policy_id, code, name, rules_json) VALUES ('c5d5c325-6c37-4394-878b-bb07cc78b670', 'holiday', 'Holiday special', '{"description": "Holiday special", "policy_rank": 16, "refund_before_days": 10, "guest_fee_percentage": 0.1, "host_payout_delay_hours": 24}');
INSERT INTO public.cancellation_policy (policy_id, code, name, rules_json) VALUES ('98c9e896-5bf9-468d-b11c-2354df75d2db', 'city_break', 'City break', '{"description": "City break", "policy_rank": 17, "refund_before_days": 4, "guest_fee_percentage": 0.1, "host_payout_delay_hours": 24}');
INSERT INTO public.cancellation_policy (policy_id, code, name, rules_json) VALUES ('94fb0349-04dc-42fb-be4d-b582196fe9c9', 'extended', 'Extended stay', '{"description": "Extended stay", "policy_rank": 18, "refund_before_days": 21, "guest_fee_percentage": 0.1, "host_payout_delay_hours": 24}');
INSERT INTO public.cancellation_policy (policy_id, code, name, rules_json) VALUES ('babba1f6-4e5b-4be8-9f76-cbf36b6b8178', 'medical', 'Medical travel', '{"description": "Medical travel", "policy_rank": 19, "refund_before_days": 7, "guest_fee_percentage": 0.1, "host_payout_delay_hours": 24}');
INSERT INTO public.cancellation_policy (policy_id, code, name, rules_json) VALUES ('a840ef36-c990-4d2a-ac46-f0b1ca263825', 'custom', 'Custom contract', '{"description": "Custom contract", "policy_rank": 20, "refund_before_days": 14, "guest_fee_percentage": 0.1, "host_payout_delay_hours": 24}');


--
-- Data for Name: location; Type: TABLE DATA; Schema: public; Owner: admin@email.com
--

INSERT INTO public.location (location_id, name, type, parent_location_id) VALUES ('8757ff79-5a79-4bcb-9cfb-72c8cf3257a7', 'Deutschland', 'country', NULL);
INSERT INTO public.location (location_id, name, type, parent_location_id) VALUES ('a1ee9095-7307-4153-999e-d1c97788af0a', 'Aue 1', 'city', '8757ff79-5a79-4bcb-9cfb-72c8cf3257a7');
INSERT INTO public.location (location_id, name, type, parent_location_id) VALUES ('97ef8498-0fb5-48b1-a9f4-8083d020310c', 'Aue 1 Mitte', 'neighborhood', 'a1ee9095-7307-4153-999e-d1c97788af0a');
INSERT INTO public.location (location_id, name, type, parent_location_id) VALUES ('2a223ecf-a270-4206-8a9a-576cd947b031', 'Aue 1 Nord', 'neighborhood', 'a1ee9095-7307-4153-999e-d1c97788af0a');
INSERT INTO public.location (location_id, name, type, parent_location_id) VALUES ('2de90742-d236-4956-ac29-bc780155cb30', 'Aue 1 Süd', 'neighborhood', 'a1ee9095-7307-4153-999e-d1c97788af0a');
INSERT INTO public.location (location_id, name, type, parent_location_id) VALUES ('ebf98f1a-dfcd-4a6b-bd84-12170c4fb3b7', 'Aue 1 Ost', 'neighborhood', 'a1ee9095-7307-4153-999e-d1c97788af0a');
INSERT INTO public.location (location_id, name, type, parent_location_id) VALUES ('2b916f12-5f9e-42db-81f9-f9d22a8a2c84', 'Aue 1 West', 'neighborhood', 'a1ee9095-7307-4153-999e-d1c97788af0a');
INSERT INTO public.location (location_id, name, type, parent_location_id) VALUES ('14fe4e30-8eef-403f-bbb9-458506d589c3', 'Goslar 2', 'city', '8757ff79-5a79-4bcb-9cfb-72c8cf3257a7');
INSERT INTO public.location (location_id, name, type, parent_location_id) VALUES ('703324b9-fe97-44a7-acec-3fa9abc49dfc', 'Goslar 2 Mitte', 'neighborhood', '14fe4e30-8eef-403f-bbb9-458506d589c3');
INSERT INTO public.location (location_id, name, type, parent_location_id) VALUES ('91910330-214e-4103-a38d-a0f2c89d4d3a', 'Goslar 2 Nord', 'neighborhood', '14fe4e30-8eef-403f-bbb9-458506d589c3');
INSERT INTO public.location (location_id, name, type, parent_location_id) VALUES ('a7dc1dc6-c35b-49ce-9ca7-d37024dfc032', 'Goslar 2 Süd', 'neighborhood', '14fe4e30-8eef-403f-bbb9-458506d589c3');
INSERT INTO public.location (location_id, name, type, parent_location_id) VALUES ('160ceb5e-22e6-4fb2-99da-228b67fdfeeb', 'Goslar 2 Ost', 'neighborhood', '14fe4e30-8eef-403f-bbb9-458506d589c3');
INSERT INTO public.location (location_id, name, type, parent_location_id) VALUES ('9f19b210-5276-44d1-8dbc-f3696e346eb5', 'Goslar 2 West', 'neighborhood', '14fe4e30-8eef-403f-bbb9-458506d589c3');
INSERT INTO public.location (location_id, name, type, parent_location_id) VALUES ('2dac88f9-79c4-43d6-b290-1ebf3e232417', 'Colombia', 'country', NULL);
INSERT INTO public.location (location_id, name, type, parent_location_id) VALUES ('163d940d-3c27-4ae6-a2ea-aa77e6dcfa4e', 'El Espino 1', 'city', '2dac88f9-79c4-43d6-b290-1ebf3e232417');
INSERT INTO public.location (location_id, name, type, parent_location_id) VALUES ('eaa3b1ce-a1c1-4c5d-800b-f923afe29fed', 'El Espino 1 Centro', 'neighborhood', '163d940d-3c27-4ae6-a2ea-aa77e6dcfa4e');
INSERT INTO public.location (location_id, name, type, parent_location_id) VALUES ('25b1a903-dfd3-4d46-b700-b71b1011dbd5', 'El Espino 1 Norte', 'neighborhood', '163d940d-3c27-4ae6-a2ea-aa77e6dcfa4e');
INSERT INTO public.location (location_id, name, type, parent_location_id) VALUES ('5115d1e0-ed45-4679-8333-af2258376179', 'El Espino 1 Sur', 'neighborhood', '163d940d-3c27-4ae6-a2ea-aa77e6dcfa4e');
INSERT INTO public.location (location_id, name, type, parent_location_id) VALUES ('f064686f-820c-467d-a37e-43136dad08f1', 'El Espino 1 Este', 'neighborhood', '163d940d-3c27-4ae6-a2ea-aa77e6dcfa4e');
INSERT INTO public.location (location_id, name, type, parent_location_id) VALUES ('23c9d840-4390-41e8-8bfd-2f24147c2d83', 'El Espino 1 Oeste', 'neighborhood', '163d940d-3c27-4ae6-a2ea-aa77e6dcfa4e');
INSERT INTO public.location (location_id, name, type, parent_location_id) VALUES ('c9aaff2d-2ae7-47b5-9b40-f9d5f8aa4cb9', 'Gómez Plata 2', 'city', '2dac88f9-79c4-43d6-b290-1ebf3e232417');
INSERT INTO public.location (location_id, name, type, parent_location_id) VALUES ('409193b2-89cc-41d3-a88b-df56cf6ddd04', 'Gómez Plata 2 Centro', 'neighborhood', 'c9aaff2d-2ae7-47b5-9b40-f9d5f8aa4cb9');
INSERT INTO public.location (location_id, name, type, parent_location_id) VALUES ('a07ea331-f047-4f05-8107-5bf10eb35aa7', 'Gómez Plata 2 Norte', 'neighborhood', 'c9aaff2d-2ae7-47b5-9b40-f9d5f8aa4cb9');
INSERT INTO public.location (location_id, name, type, parent_location_id) VALUES ('3115143c-d18b-417e-a4d6-2bfcca965ca1', 'Gómez Plata 2 Sur', 'neighborhood', 'c9aaff2d-2ae7-47b5-9b40-f9d5f8aa4cb9');
INSERT INTO public.location (location_id, name, type, parent_location_id) VALUES ('9fd4c3b9-4efc-4c75-9348-1e1af38f60a0', 'Gómez Plata 2 Este', 'neighborhood', 'c9aaff2d-2ae7-47b5-9b40-f9d5f8aa4cb9');
INSERT INTO public.location (location_id, name, type, parent_location_id) VALUES ('d2c3e3e3-3969-4a82-8037-9b719fdbff27', 'Gómez Plata 2 Oeste', 'neighborhood', 'c9aaff2d-2ae7-47b5-9b40-f9d5f8aa4cb9');


--
-- Data for Name: listing; Type: TABLE DATA; Schema: public; Owner: admin@email.com
--

INSERT INTO public.listing (listing_id, host_id, location_id, policy_id, title, description, property_type, room_type, accommodates, bedrooms, beds, bathrooms, address_line1, address_line2, postal_code, lat, lng, base_price, currency, status, created_at, updated_at) VALUES ('50cf6d68-53e5-4a93-88cd-106150254dff', 'e5dd1972-3ad3-44ba-b637-4b4f33a35ea6', '97ef8498-0fb5-48b1-a9f4-8083d020310c', 'f1f00780-5816-472a-8bcc-d872e70743dd', 'Modernes Loft in Aue 1 Mitte', 'Kennen sitzen uns Fuß springen lassen fest kam Schwester Fenster glauben was. Dem fehlen Schluss Schule beide hören mein ihr. Uhr Himmel Spaß wissen alt wahr.', 'apartment', 'entire place', 3, 2, 2, 1.5, 'Albersring 7/7', 'Wohnung 01', '73467', -82.208709, 28.766121, 148.12, 'EUR', 'active', '2026-02-19 12:56:33.400594+00', '2026-02-20 12:56:33.400594+00');
INSERT INTO public.listing (listing_id, host_id, location_id, policy_id, title, description, property_type, room_type, accommodates, bedrooms, beds, bathrooms, address_line1, address_line2, postal_code, lat, lng, base_price, currency, status, created_at, updated_at) VALUES ('9da4bbc6-7318-43f8-ba1e-375c5fe4c454', 'd350b8c0-e651-4fca-83e0-a260c37ab713', '2a223ecf-a270-4206-8a9a-576cd947b031', 'da6863f7-a646-47d5-a92e-2e3fa9e1647c', 'Ruhiges Studio nahe Aue 1 Nord', 'Sache Straße sehen unser wer Zug man weinen nehmen rufen. Pferd dazu kommen baden Herr es gesund sollen. Fußball Woche in um können sind bald Woche.', 'house', 'private room', 4, 3, 3, 2.0, 'Lidwina-Siering-Gasse 3', NULL, '09232', 37.120579, 179.412982, 77.21, 'EUR', 'active', '2026-02-18 12:56:33.404164+00', '2026-02-19 12:56:33.404164+00');
INSERT INTO public.listing (listing_id, host_id, location_id, policy_id, title, description, property_type, room_type, accommodates, bedrooms, beds, bathrooms, address_line1, address_line2, postal_code, lat, lng, base_price, currency, status, created_at, updated_at) VALUES ('507f6d0b-260f-43c3-805d-5e94e88704ad', '944ef47b-4cf2-4f37-95ee-858e2ced0813', '2de90742-d236-4956-ac29-bc780155cb30', '766f87e6-f0ab-42e9-b88f-d506ae289291', 'Ruhiges Studio nahe Aue 1 Süd', 'Musik etwas schon Sonntag drehen nie sind. Springen dort Geld Nacht wichtig müssen weit her. Berg schlimm oft bringen Spiel verkaufen.', 'studio', 'shared room', 5, 1, 1, 1.0, 'Nick-Reichmann-Straße 61/18', 'Wohnung 03', '71657', -48.931752, 53.800381, 193.56, 'EUR', 'active', '2026-02-17 12:56:33.406823+00', '2026-02-18 12:56:33.406823+00');
INSERT INTO public.listing (listing_id, host_id, location_id, policy_id, title, description, property_type, room_type, accommodates, bedrooms, beds, bathrooms, address_line1, address_line2, postal_code, lat, lng, base_price, currency, status, created_at, updated_at) VALUES ('c6f22751-cfed-4406-a9ff-c924e0dba76b', '31fe1245-62ce-4085-8e37-90148aead1f4', 'ebf98f1a-dfcd-4a6b-bd84-12170c4fb3b7', '746bfebe-f05c-4f15-90f8-5ebb0d8c6d03', 'Helle Wohnung in Aue 1 Ost', 'Selbst Zahl Freund Tante Maus lassen jung seit. Gesicht finden Wiese Fußball kennen singen mögen rund glauben legen gestern. Es Straße Glück wahr schreiben Fuß alle Wissen bis.', 'loft', 'hotel room', 6, 2, 3, 1.5, 'Röhrichtallee 1777', NULL, '43634', 88.230411, 132.220279, 154.49, 'EUR', 'active', '2026-02-16 12:56:33.409964+00', '2026-02-17 12:56:33.409964+00');
INSERT INTO public.listing (listing_id, host_id, location_id, policy_id, title, description, property_type, room_type, accommodates, bedrooms, beds, bathrooms, address_line1, address_line2, postal_code, lat, lng, base_price, currency, status, created_at, updated_at) VALUES ('c005af8b-1ed0-4024-a3b2-2a982b5ab623', 'bb80d9bb-f4fa-4832-957c-d8607c859c17', '2b916f12-5f9e-42db-81f9-f9d22a8a2c84', '2a7e2206-ac25-4dd6-a3dc-7f1915b9d718', 'Gemütliches Apartment in Aue 1 West', 'Küche Mama ist sieht gibt schreien fröhlich Flasche dann Eis. Sie Woche schlecht Eis sich Fuß natürlich sollen nennen. Uhr geben Hand gegen Schule.', 'private room', 'entire place', 2, 3, 3, 2.0, 'Biengasse 3/8', 'Wohnung 05', '09477', 28.237444, 2.915107, 72.10, 'EUR', 'active', '2026-02-15 12:56:33.412333+00', '2026-02-16 12:56:33.412333+00');
INSERT INTO public.listing (listing_id, host_id, location_id, policy_id, title, description, property_type, room_type, accommodates, bedrooms, beds, bathrooms, address_line1, address_line2, postal_code, lat, lng, base_price, currency, status, created_at, updated_at) VALUES ('490d93a3-01d0-42f0-bdf7-f1e03a414142', 'd6c79e69-c6b5-4744-9594-c6ac899f1f6d', '703324b9-fe97-44a7-acec-3fa9abc49dfc', 'a33544d8-2741-4213-a66c-128b5357dc2d', 'Helle Wohnung in Goslar 2 Mitte', 'Zahl fliegen viel dabei beim Leben nach schlagen. Deshalb Musik gehen zwischen danach Sonne nie steigen Familie. Herr weit geben natürlich Jahr mögen Baum wollen Brief Sommer.', 'apartment', 'private room', 3, 1, 1, 1.0, 'Speergasse 932', NULL, '20679', 36.141171, -23.631358, 184.83, 'EUR', 'active', '2026-02-14 12:56:33.414733+00', '2026-02-15 12:56:33.414733+00');
INSERT INTO public.listing (listing_id, host_id, location_id, policy_id, title, description, property_type, room_type, accommodates, bedrooms, beds, bathrooms, address_line1, address_line2, postal_code, lat, lng, base_price, currency, status, created_at, updated_at) VALUES ('065c1c7d-e745-482f-a139-0ad42bf7891f', '1dd4913e-12f4-41cc-9db7-193b1d6fe4f0', '91910330-214e-4103-a38d-a0f2c89d4d3a', '6fcb5bb6-d9ca-40b1-a6a8-baae9d6b15e0', 'Helle Wohnung in Goslar 2 Nord', 'Fehlen Schule schreien Klasse schlagen werfen. Neben suchen endlich dafür fallen deshalb Freude denken Baum Stein nein treffen werden kalt kurz gehen. Wird leicht legen Bett auch jetzt Gesicht Fisch.', 'house', 'shared room', 4, 2, 2, 1.5, 'Viola-Steuer-Weg 4', 'Wohnung 07', '27874', -41.281880, 134.246448, 197.57, 'EUR', 'active', '2026-02-13 12:56:33.417707+00', '2026-02-14 12:56:33.417707+00');
INSERT INTO public.listing (listing_id, host_id, location_id, policy_id, title, description, property_type, room_type, accommodates, bedrooms, beds, bathrooms, address_line1, address_line2, postal_code, lat, lng, base_price, currency, status, created_at, updated_at) VALUES ('e235369f-d289-4a01-8825-b5dc6a29de3e', '40bc2369-abfb-4f50-ab74-136beeed0e7e', 'a7dc1dc6-c35b-49ce-9ca7-d37024dfc032', 'd7ba15ea-a5ca-4d2f-b12d-1b27ed856c6a', 'Modernes Loft in Goslar 2 Süd', 'Onkel Leben Blume grün ging Sache verstehen gibt Schluss gab wissen. Arbeiten blau Flasche dafür Spiel vier trinken ab voll kommen Ball ließ oben Lehrerin kann. Erklären mich wichtig kalt schon.', 'studio', 'hotel room', 5, 3, 4, 2.0, 'Yasemin-Schuchhardt-Weg 1248', NULL, '13171', 83.868245, -97.337383, 123.92, 'EUR', 'active', '2026-02-12 12:56:33.41991+00', '2026-02-13 12:56:33.41991+00');
INSERT INTO public.listing (listing_id, host_id, location_id, policy_id, title, description, property_type, room_type, accommodates, bedrooms, beds, bathrooms, address_line1, address_line2, postal_code, lat, lng, base_price, currency, status, created_at, updated_at) VALUES ('0e155bb8-341a-431b-80a6-3a6dac7fb2dc', 'e5dd1972-3ad3-44ba-b637-4b4f33a35ea6', '160ceb5e-22e6-4fb2-99da-228b67fdfeeb', '16887222-1bb1-4b2c-b6ad-a4b19515c5ca', 'Ruhiges Studio nahe Goslar 2 Ost', 'Wieder ganz Schuh ihr las Küche klein denn einmal neu sieht dein. Fuß steigen ihr Wiese letzte traurig führen Geburtstag. Nah richtig vier kaufen lassen ging Sommer heraus wieder voll.', 'loft', 'entire place', 6, 1, 1, 1.0, 'Heintzeallee 1-6', 'Wohnung 09', '66270', -56.111026, 89.665507, 163.53, 'EUR', 'active', '2026-02-11 12:56:33.422391+00', '2026-02-12 12:56:33.422391+00');
INSERT INTO public.listing (listing_id, host_id, location_id, policy_id, title, description, property_type, room_type, accommodates, bedrooms, beds, bathrooms, address_line1, address_line2, postal_code, lat, lng, base_price, currency, status, created_at, updated_at) VALUES ('09573caf-3611-446c-ba83-e3f22f011c8f', 'd350b8c0-e651-4fca-83e0-a260c37ab713', '9f19b210-5276-44d1-8dbc-f3696e346eb5', '69b645c7-d3b1-4440-9c62-a205605a7d28', 'Ruhiges Studio nahe Goslar 2 West', 'Ging Brief unter Brief weiter als denn vom zeigen bekommen später Freude oben. Rad verkaufen verlieren versuchen Herr gern Schüler sollen von arbeiten Bein ohne wer. Sieht jung braun Onkel von kann Schluss.', 'private room', 'private room', 2, 2, 2, 1.5, 'Marten-Blümel-Ring 35/46', NULL, '92221', 73.609205, 25.376907, 90.21, 'EUR', 'active', '2026-02-10 12:56:33.424613+00', '2026-02-11 12:56:33.424613+00');
INSERT INTO public.listing (listing_id, host_id, location_id, policy_id, title, description, property_type, room_type, accommodates, bedrooms, beds, bathrooms, address_line1, address_line2, postal_code, lat, lng, base_price, currency, status, created_at, updated_at) VALUES ('f6f5a641-00db-4f08-8c1b-f9f717c65a48', '944ef47b-4cf2-4f37-95ee-858e2ced0813', 'eaa3b1ce-a1c1-4c5d-800b-f923afe29fed', '6a699b3e-a2b7-4e8f-a84f-41d0f12928b1', 'Loft moderno en El Espino 1 Centro', 'Quae id perferendis fuga tempore iste dolorum aperiam. Nihil dolorem dolore architecto occaecati dolorem temporibus. Architecto dolores pariatur distinctio consequatur vel necessitatibus labore.', 'apartment', 'shared room', 3, 3, 3, 2.0, 'Diagonal 116G Sur # 8-16 Este', 'Apt. 11', '136513', -38.570432, -77.882371, 278468.30, 'COP', 'active', '2026-02-09 12:56:33.426891+00', '2026-02-10 12:56:33.426891+00');
INSERT INTO public.listing (listing_id, host_id, location_id, policy_id, title, description, property_type, room_type, accommodates, bedrooms, beds, bathrooms, address_line1, address_line2, postal_code, lat, lng, base_price, currency, status, created_at, updated_at) VALUES ('83681752-50c2-44dc-937f-f1c23f32c6a8', '31fe1245-62ce-4085-8e37-90148aead1f4', '25b1a903-dfd3-4d46-b700-b71b1011dbd5', '5e525da4-fcaf-4900-8a1e-9c2a2d36b270', 'Apartamento acogedor en El Espino 1 Norte', 'Ipsum in eius dolorum unde ipsam similique mollitia amet voluptatum saepe voluptas. Cumque laborum distinctio id animi fugiat voluptates eaque quos iste. Possimus quas quos optio laborum deleniti dolor animi quasi.', 'house', 'hotel room', 4, 1, 2, 1.0, 'Cl. 1ª # 98-3', NULL, '271913', 18.387675, -115.636367, 509855.55, 'COP', 'active', '2026-02-08 12:56:33.429489+00', '2026-02-09 12:56:33.429489+00');
INSERT INTO public.listing (listing_id, host_id, location_id, policy_id, title, description, property_type, room_type, accommodates, bedrooms, beds, bathrooms, address_line1, address_line2, postal_code, lat, lng, base_price, currency, status, created_at, updated_at) VALUES ('b912aa1f-0cef-448a-9ef0-dc1f176384d3', 'bb80d9bb-f4fa-4832-957c-d8607c859c17', '5115d1e0-ed45-4679-8333-af2258376179', '011fab56-9718-4c93-9c20-18bff14adc24', 'Estudio tranquilo cerca de El Espino 1 Sur', 'Doloribus nisi nulla in nesciunt minima vel dignissimos quaerat dolores id perferendis error. Ut vel ab numquam natus aut modi magni consequatur expedita architecto doloribus. Culpa rerum provident nostrum voluptates omnis ab.', 'studio', 'entire place', 5, 2, 2, 1.5, 'Avenida calle 5ª # 52D-2', 'Apt. 13', '544935', -35.347264, 160.503909, 466291.57, 'COP', 'active', '2026-02-07 12:56:33.431978+00', '2026-02-08 12:56:33.431978+00');
INSERT INTO public.listing (listing_id, host_id, location_id, policy_id, title, description, property_type, room_type, accommodates, bedrooms, beds, bathrooms, address_line1, address_line2, postal_code, lat, lng, base_price, currency, status, created_at, updated_at) VALUES ('1ebd3b20-20b1-46c0-9ada-487a0c891d32', 'd6c79e69-c6b5-4744-9594-c6ac899f1f6d', 'f064686f-820c-467d-a37e-43136dad08f1', '4aef0d8d-4f26-4685-8a9e-0556c16a9c0c', 'Estudio tranquilo cerca de El Espino 1 Este', 'Magnam dolorum tenetur amet odio repudiandae aliquid ex consectetur. Cum ipsam provident natus beatae velit porro corrupti alias fuga mollitia. Consectetur est tempore recusandae similique tempore distinctio dolorum aut.', 'loft', 'private room', 6, 3, 3, 2.0, 'Dg. 132N Este # 12Z-36 Este', NULL, '863421', 12.687762, -159.209887, 431045.74, 'COP', 'active', '2026-02-06 12:56:33.434332+00', '2026-02-07 12:56:33.434332+00');
INSERT INTO public.listing (listing_id, host_id, location_id, policy_id, title, description, property_type, room_type, accommodates, bedrooms, beds, bathrooms, address_line1, address_line2, postal_code, lat, lng, base_price, currency, status, created_at, updated_at) VALUES ('45c1e23f-78e6-4942-bacf-e806e9715d35', '1dd4913e-12f4-41cc-9db7-193b1d6fe4f0', '23c9d840-4390-41e8-8bfd-2f24147c2d83', '9a6ac525-b958-4721-b70a-4391e286b929', 'Casa luminosa en El Espino 1 Oeste', 'Dolore repellendus itaque esse recusandae dolorem ad deserunt eveniet sint vitae eius. Id voluptatem modi vel beatae voluptas debitis vitae eaque autem ipsa quas et non maiores. Tempore deleniti aliquid ipsa maxime rem porro velit.', 'private room', 'shared room', 2, 1, 1, 1.0, 'Calle 115N # 91-54 Este', 'Apt. 15', '686482', -38.503317, 45.725407, 256799.17, 'COP', 'active', '2026-02-05 12:56:33.436972+00', '2026-02-06 12:56:33.436972+00');
INSERT INTO public.listing (listing_id, host_id, location_id, policy_id, title, description, property_type, room_type, accommodates, bedrooms, beds, bathrooms, address_line1, address_line2, postal_code, lat, lng, base_price, currency, status, created_at, updated_at) VALUES ('c8ebe1cb-8a6e-46cf-ad56-0556cdd2e74d', '40bc2369-abfb-4f50-ab74-136beeed0e7e', '409193b2-89cc-41d3-a88b-df56cf6ddd04', 'c5d5c325-6c37-4394-878b-bb07cc78b670', 'Estudio tranquilo cerca de Gómez Plata 2 Centro', 'Perspiciatis temporibus nulla error molestias a enim inventore neque omnis. Ipsam perferendis maiores recusandae vero quasi omnis eligendi optio nulla at veritatis doloremque est. Corporis aliquid voluptates nostrum quisquam iste.', 'apartment', 'hotel room', 3, 2, 3, 1.5, 'Avenida Timbío # 76-47', NULL, '186328', 34.701661, -153.039212, 306875.48, 'COP', 'active', '2026-02-04 12:56:33.439229+00', '2026-02-05 12:56:33.439229+00');
INSERT INTO public.listing (listing_id, host_id, location_id, policy_id, title, description, property_type, room_type, accommodates, bedrooms, beds, bathrooms, address_line1, address_line2, postal_code, lat, lng, base_price, currency, status, created_at, updated_at) VALUES ('10bf1f73-ddd0-43ad-9261-4e6461df2c69', 'e5dd1972-3ad3-44ba-b637-4b4f33a35ea6', 'a07ea331-f047-4f05-8107-5bf10eb35aa7', '98c9e896-5bf9-468d-b11c-2354df75d2db', 'Apartamento acogedor en Gómez Plata 2 Norte', 'Dolorum sed itaque reiciendis pariatur voluptates nisi veniam tempora nostrum quaerat magnam rerum. Ipsum culpa similique ipsum quibusdam saepe eius quod laborum dolores ipsam quae doloremque excepturi tempora. Consequuntur doloremque possimus provident aperiam.', 'house', 'entire place', 4, 3, 3, 2.0, 'Carrera 160 # 7-16 Este', 'Apt. 17', '950546', 22.480169, 108.954965, 501768.70, 'COP', 'active', '2026-02-03 12:56:33.44185+00', '2026-02-04 12:56:33.44185+00');
INSERT INTO public.listing (listing_id, host_id, location_id, policy_id, title, description, property_type, room_type, accommodates, bedrooms, beds, bathrooms, address_line1, address_line2, postal_code, lat, lng, base_price, currency, status, created_at, updated_at) VALUES ('5897fd5b-1ff0-40d5-8847-ad26ba980c73', 'd350b8c0-e651-4fca-83e0-a260c37ab713', '3115143c-d18b-417e-a4d6-2bfcca965ca1', '94fb0349-04dc-42fb-be4d-b582196fe9c9', 'Apartamento acogedor en Gómez Plata 2 Sur', 'Reiciendis tempore laborum earum laborum harum pariatur reiciendis quam saepe ullam voluptatem. Ad hic natus ad odit consequatur iure amet fugiat distinctio eveniet quis fugit quibusdam rerum. Rerum iusto quibusdam amet veritatis dolore architecto.', 'studio', 'private room', 5, 1, 1, 1.0, 'Av. carrera 10 # 30G-4', NULL, '199374', 9.024544, -89.918890, 287652.59, 'COP', 'active', '2026-02-02 12:56:33.444185+00', '2026-02-03 12:56:33.444185+00');
INSERT INTO public.listing (listing_id, host_id, location_id, policy_id, title, description, property_type, room_type, accommodates, bedrooms, beds, bathrooms, address_line1, address_line2, postal_code, lat, lng, base_price, currency, status, created_at, updated_at) VALUES ('481a06f5-c5d6-4f5e-9c0a-722e30fd9380', '944ef47b-4cf2-4f37-95ee-858e2ced0813', '9fd4c3b9-4efc-4c75-9348-1e1af38f60a0', 'babba1f6-4e5b-4be8-9f76-cbf36b6b8178', 'Casa luminosa en Gómez Plata 2 Este', 'Non quibusdam beatae reprehenderit vitae autem ad est perspiciatis vero id quaerat asperiores. Doloribus possimus error placeat rem recusandae natus aliquam minus optio architecto officia accusamus in laudantium inventore. Odio repudiandae provident ipsa quasi vitae earum repellat.', 'loft', 'shared room', 6, 2, 2, 1.5, 'Carrera 59 Bis X # 2-53 Sur', 'Apt. 19', '949965', -82.295904, 85.378780, 558371.53, 'COP', 'active', '2026-02-01 12:56:33.446543+00', '2026-02-02 12:56:33.446543+00');
INSERT INTO public.listing (listing_id, host_id, location_id, policy_id, title, description, property_type, room_type, accommodates, bedrooms, beds, bathrooms, address_line1, address_line2, postal_code, lat, lng, base_price, currency, status, created_at, updated_at) VALUES ('a6f0ae97-50dd-4641-a610-28a5d2ea78a6', '31fe1245-62ce-4085-8e37-90148aead1f4', 'd2c3e3e3-3969-4a82-8037-9b719fdbff27', 'a840ef36-c990-4d2a-ac46-f0b1ca263825', 'Estudio tranquilo cerca de Gómez Plata 2 Oeste', 'Delectus distinctio reiciendis excepturi sunt praesentium eius ab veniam assumenda. Laborum quidem porro officia laudantium recusandae at dolore porro esse neque labore minus. Voluptatum mollitia explicabo iste esse dolorem quam et quia.', 'private room', 'hotel room', 2, 3, 4, 2.0, 'Av. carrera 42 # 5-97 Este', NULL, '183435', -41.831527, -17.721321, 305838.21, 'COP', 'active', '2026-01-31 12:56:33.448945+00', '2026-02-01 12:56:33.448945+00');


--
-- Data for Name: booking; Type: TABLE DATA; Schema: public; Owner: admin@email.com
--

INSERT INTO public.booking (booking_id, guest_id, listing_id, policy_id, checkin_date, checkout_date, guests_count, status, total_price, currency, created_at, updated_at) VALUES ('3b967174-027e-4d36-87a3-7378329b9c79', 'e6c615da-c738-4821-a255-e9a1d875407e', '50cf6d68-53e5-4a93-88cd-106150254dff', 'f1f00780-5816-472a-8bcc-d872e70743dd', '2026-01-24', '2026-01-27', 2, 'completed', 528.72, 'EUR', '2026-01-22 09:15:00+00', '2026-01-28 11:45:00+00');
INSERT INTO public.booking (booking_id, guest_id, listing_id, policy_id, checkin_date, checkout_date, guests_count, status, total_price, currency, created_at, updated_at) VALUES ('46dbff36-4559-423e-8720-d894ca4721f1', '6f5b7389-37e9-4beb-a9fb-eece23b25620', '9da4bbc6-7318-43f8-ba1e-375c5fe4c454', 'da6863f7-a646-47d5-a92e-2e3fa9e1647c', '2026-01-27', '2026-01-31', 3, 'completed', 371.33, 'EUR', '2026-01-25 09:15:00+00', '2026-02-01 11:45:00+00');
INSERT INTO public.booking (booking_id, guest_id, listing_id, policy_id, checkin_date, checkout_date, guests_count, status, total_price, currency, created_at, updated_at) VALUES ('a6c02650-d664-413a-a96c-b5adccb4b068', 'd46b5356-6705-4c77-a399-3fa7194a2c7c', '507f6d0b-260f-43c3-805d-5e94e88704ad', '766f87e6-f0ab-42e9-b88f-d506ae289291', '2026-01-30', '2026-02-04', 4, 'completed', 1099.81, 'EUR', '2026-01-28 09:15:00+00', '2026-02-05 11:45:00+00');
INSERT INTO public.booking (booking_id, guest_id, listing_id, policy_id, checkin_date, checkout_date, guests_count, status, total_price, currency, created_at, updated_at) VALUES ('834fd5d4-d440-4df7-9969-2c3a5e6e4e6f', '930d2be9-94cc-4e37-9613-839a55b96f56', 'c6f22751-cfed-4406-a9ff-c924e0dba76b', '746bfebe-f05c-4f15-90f8-5ebb0d8c6d03', '2026-02-02', '2026-02-04', 1, 'completed', 362.98, 'EUR', '2026-01-31 09:15:00+00', '2026-02-05 11:45:00+00');
INSERT INTO public.booking (booking_id, guest_id, listing_id, policy_id, checkin_date, checkout_date, guests_count, status, total_price, currency, created_at, updated_at) VALUES ('299cf381-8605-418c-a869-a2ee003602a4', '2fa62016-d8ae-4c9c-a3fa-62f8b75bd1af', 'c005af8b-1ed0-4024-a3b2-2a982b5ab623', '2a7e2206-ac25-4dd6-a3dc-7f1915b9d718', '2026-02-05', '2026-02-08', 2, 'completed', 267.91, 'EUR', '2026-02-03 09:15:00+00', '2026-02-09 11:45:00+00');
INSERT INTO public.booking (booking_id, guest_id, listing_id, policy_id, checkin_date, checkout_date, guests_count, status, total_price, currency, created_at, updated_at) VALUES ('9bd80c86-8e04-4896-8679-dc6d34ab8f9f', 'ae9be802-8d49-4f92-9ac8-6e83034b1846', '490d93a3-01d0-42f0-bdf7-f1e03a414142', 'a33544d8-2741-4213-a66c-128b5357dc2d', '2026-02-08', '2026-02-12', 3, 'completed', 852.48, 'EUR', '2026-02-06 09:15:00+00', '2026-02-13 11:45:00+00');
INSERT INTO public.booking (booking_id, guest_id, listing_id, policy_id, checkin_date, checkout_date, guests_count, status, total_price, currency, created_at, updated_at) VALUES ('9ff14b0f-de80-4637-8cb4-52e94b084a21', '296900cc-52f8-4e04-b191-3183108b18a3', '065c1c7d-e745-482f-a139-0ad42bf7891f', '6fcb5bb6-d9ca-40b1-a6a8-baae9d6b15e0', '2026-02-11', '2026-02-16', 4, 'completed', 1120.07, 'EUR', '2026-02-09 09:15:00+00', '2026-02-17 11:45:00+00');
INSERT INTO public.booking (booking_id, guest_id, listing_id, policy_id, checkin_date, checkout_date, guests_count, status, total_price, currency, created_at, updated_at) VALUES ('a2f86091-fe6c-4678-aacc-4cc95004950d', '769027f7-3ab5-4493-ada1-25da8bbe938e', 'e235369f-d289-4a01-8825-b5dc6a29de3e', 'd7ba15ea-a5ca-4d2f-b12d-1b27ed856c6a', '2026-02-14', '2026-02-16', 1, 'completed', 294.05, 'EUR', '2026-02-12 09:15:00+00', '2026-02-17 11:45:00+00');
INSERT INTO public.booking (booking_id, guest_id, listing_id, policy_id, checkin_date, checkout_date, guests_count, status, total_price, currency, created_at, updated_at) VALUES ('522cd873-670c-4da6-8768-2aa90451e2a0', '6111c133-b6b8-41f8-bb62-f0f51145ff0f', '0e155bb8-341a-431b-80a6-3a6dac7fb2dc', '16887222-1bb1-4b2c-b6ad-a4b19515c5ca', '2026-02-17', '2026-02-20', 2, 'completed', 561.00, 'EUR', '2026-02-15 09:15:00+00', '2026-02-21 11:45:00+00');
INSERT INTO public.booking (booking_id, guest_id, listing_id, policy_id, checkin_date, checkout_date, guests_count, status, total_price, currency, created_at, updated_at) VALUES ('7626978c-8f7a-45ca-9ccb-98b4f17b7639', '812a4f1c-03e8-4744-8806-dd2b284258cd', '09573caf-3611-446c-ba83-e3f22f011c8f', '69b645c7-d3b1-4440-9c62-a205605a7d28', '2026-02-20', '2026-02-24', 3, 'completed', 432.80, 'EUR', '2026-02-18 09:15:00+00', '2026-02-25 11:45:00+00');
INSERT INTO public.booking (booking_id, guest_id, listing_id, policy_id, checkin_date, checkout_date, guests_count, status, total_price, currency, created_at, updated_at) VALUES ('25bdac77-ec52-4217-97d0-fb6cdb88561d', 'e6c615da-c738-4821-a255-e9a1d875407e', 'f6f5a641-00db-4f08-8c1b-f9f717c65a48', '6a699b3e-a2b7-4e8f-a84f-41d0f12928b1', '2026-02-23', '2026-02-28', 4, 'completed', 1623914.29, 'COP', '2026-02-21 09:15:00+00', '2026-03-01 11:45:00+00');
INSERT INTO public.booking (booking_id, guest_id, listing_id, policy_id, checkin_date, checkout_date, guests_count, status, total_price, currency, created_at, updated_at) VALUES ('923eebf1-4745-4c0f-830f-3207e0ea327f', '6f5b7389-37e9-4beb-a9fb-eece23b25620', '83681752-50c2-44dc-937f-f1c23f32c6a8', '5e525da4-fcaf-4900-8a1e-9c2a2d36b270', '2026-02-26', '2026-02-28', 1, 'completed', 1226503.04, 'COP', '2026-02-24 09:15:00+00', '2026-03-01 11:45:00+00');
INSERT INTO public.booking (booking_id, guest_id, listing_id, policy_id, checkin_date, checkout_date, guests_count, status, total_price, currency, created_at, updated_at) VALUES ('1dc277cb-229d-4818-ad43-4a252328b4f1', 'd46b5356-6705-4c77-a399-3fa7194a2c7c', 'b912aa1f-0cef-448a-9ef0-dc1f176384d3', '011fab56-9718-4c93-9c20-18bff14adc24', '2026-03-01', '2026-03-04', 2, 'completed', 1624468.21, 'COP', '2026-02-27 09:15:00+00', '2026-03-05 11:45:00+00');
INSERT INTO public.booking (booking_id, guest_id, listing_id, policy_id, checkin_date, checkout_date, guests_count, status, total_price, currency, created_at, updated_at) VALUES ('2484a21f-3630-428a-9619-40bc53f9f691', '930d2be9-94cc-4e37-9613-839a55b96f56', '1ebd3b20-20b1-46c0-9ada-487a0c891d32', '4aef0d8d-4f26-4685-8a9e-0556c16a9c0c', '2026-03-04', '2026-03-08', 3, 'completed', 1991613.24, 'COP', '2026-03-02 09:15:00+00', '2026-03-09 11:45:00+00');
INSERT INTO public.booking (booking_id, guest_id, listing_id, policy_id, checkin_date, checkout_date, guests_count, status, total_price, currency, created_at, updated_at) VALUES ('ec4a3039-edd6-4de3-876f-21373f2b52ce', '2fa62016-d8ae-4c9c-a3fa-62f8b75bd1af', '45c1e23f-78e6-4942-bacf-e806e9715d35', '9a6ac525-b958-4721-b70a-4391e286b929', '2026-03-07', '2026-03-12', 4, 'completed', 1494115.23, 'COP', '2026-03-05 09:15:00+00', '2026-03-13 11:45:00+00');
INSERT INTO public.booking (booking_id, guest_id, listing_id, policy_id, checkin_date, checkout_date, guests_count, status, total_price, currency, created_at, updated_at) VALUES ('fb32525c-66fa-474a-b1a7-543b161e7a55', 'ae9be802-8d49-4f92-9ac8-6e83034b1846', 'c8ebe1cb-8a6e-46cf-ad56-0556cdd2e74d', 'c5d5c325-6c37-4394-878b-bb07cc78b670', '2026-03-10', '2026-03-12', 1, 'completed', 794965.61, 'COP', '2026-03-08 09:15:00+00', '2026-03-13 11:45:00+00');
INSERT INTO public.booking (booking_id, guest_id, listing_id, policy_id, checkin_date, checkout_date, guests_count, status, total_price, currency, created_at, updated_at) VALUES ('4c8ed9be-0496-4805-9596-dc59bf5fa372', '296900cc-52f8-4e04-b191-3183108b18a3', '10bf1f73-ddd0-43ad-9261-4e6461df2c69', '98c9e896-5bf9-468d-b11c-2354df75d2db', '2026-03-13', '2026-03-16', 2, 'completed', 1724136.61, 'COP', '2026-03-11 09:15:00+00', '2026-03-17 11:45:00+00');
INSERT INTO public.booking (booking_id, guest_id, listing_id, policy_id, checkin_date, checkout_date, guests_count, status, total_price, currency, created_at, updated_at) VALUES ('47eb4a49-fcda-4999-ade9-0bfbc3704e18', '769027f7-3ab5-4493-ada1-25da8bbe938e', '5897fd5b-1ff0-40d5-8847-ad26ba980c73', '94fb0349-04dc-42fb-be4d-b582196fe9c9', '2026-03-16', '2026-03-20', 3, 'completed', 1355282.35, 'COP', '2026-03-14 09:15:00+00', '2026-03-21 11:45:00+00');
INSERT INTO public.booking (booking_id, guest_id, listing_id, policy_id, checkin_date, checkout_date, guests_count, status, total_price, currency, created_at, updated_at) VALUES ('0ab036e6-f812-4f51-a981-d93c002ecc44', '6111c133-b6b8-41f8-bb62-f0f51145ff0f', '481a06f5-c5d6-4f5e-9c0a-722e30fd9380', 'babba1f6-4e5b-4be8-9f76-cbf36b6b8178', '2026-03-19', '2026-03-24', 4, 'completed', 3176390.35, 'COP', '2026-03-17 09:15:00+00', '2026-03-25 11:45:00+00');
INSERT INTO public.booking (booking_id, guest_id, listing_id, policy_id, checkin_date, checkout_date, guests_count, status, total_price, currency, created_at, updated_at) VALUES ('d1cc3377-003b-45a8-adc7-8d5be6947fcc', '812a4f1c-03e8-4744-8806-dd2b284258cd', 'a6f0ae97-50dd-4641-a610-28a5d2ea78a6', 'a840ef36-c990-4d2a-ac46-f0b1ca263825', '2026-03-22', '2026-03-24', 1, 'completed', 784510.23, 'COP', '2026-03-20 09:15:00+00', '2026-03-25 11:45:00+00');


--
-- Data for Name: fee_type; Type: TABLE DATA; Schema: public; Owner: admin@email.com
--

INSERT INTO public.fee_type (fee_type_id, code, name) VALUES ('9271bfa7-2e74-41ae-9709-6e01951db277', 'cleaning', 'Cleaning fee');
INSERT INTO public.fee_type (fee_type_id, code, name) VALUES ('44a0e420-6e0d-49f3-adce-d5dcf4add422', 'service', 'Service fee');
INSERT INTO public.fee_type (fee_type_id, code, name) VALUES ('5018585f-c67d-4e79-81f0-a777474e4aa5', 'city_tax', 'City tax');
INSERT INTO public.fee_type (fee_type_id, code, name) VALUES ('e0e0f546-bbda-4edd-bea0-717d745a716a', 'linen', 'Linen fee');
INSERT INTO public.fee_type (fee_type_id, code, name) VALUES ('1f2c811f-bed6-41f2-ab7c-b5ce0515b9b6', 'parking', 'Parking fee');
INSERT INTO public.fee_type (fee_type_id, code, name) VALUES ('9009e7c4-15c5-474c-92a0-6698a051d5fc', 'pet', 'Pet fee');
INSERT INTO public.fee_type (fee_type_id, code, name) VALUES ('a2c08c53-50ef-4abf-a0ae-c88ee02e9829', 'extra_guest', 'Extra guest fee');
INSERT INTO public.fee_type (fee_type_id, code, name) VALUES ('80266703-ce61-455b-81e5-3c870cee6a5b', 'late_checkin', 'Late check-in fee');
INSERT INTO public.fee_type (fee_type_id, code, name) VALUES ('1720cf9e-331a-4ed6-91fe-e0f9a4a9ffa6', 'early_checkin', 'Early check-in fee');
INSERT INTO public.fee_type (fee_type_id, code, name) VALUES ('e4eb094c-ee1c-48fe-aed3-f6cde857e68c', 'security_deposit', 'Security deposit');
INSERT INTO public.fee_type (fee_type_id, code, name) VALUES ('0e41f9a0-e305-4da9-93e7-f1dfce420875', 'resort', 'Resort fee');
INSERT INTO public.fee_type (fee_type_id, code, name) VALUES ('d61c87fe-d3bf-435d-aab7-e0641f01756d', 'towel', 'Towel fee');
INSERT INTO public.fee_type (fee_type_id, code, name) VALUES ('f6253554-6427-4046-b0fa-08a2644888ae', 'breakfast', 'Breakfast fee');
INSERT INTO public.fee_type (fee_type_id, code, name) VALUES ('4f8f3917-86fc-4013-a020-9a260f1a6e98', 'heating', 'Heating surcharge');
INSERT INTO public.fee_type (fee_type_id, code, name) VALUES ('6dcb6c54-22cc-4242-92f7-832ee440d25b', 'aircon', 'Air conditioning surcharge');
INSERT INTO public.fee_type (fee_type_id, code, name) VALUES ('50beb8f3-3162-46d9-ae4f-ca1e40174da8', 'laundry', 'Laundry fee');
INSERT INTO public.fee_type (fee_type_id, code, name) VALUES ('c6abe8b4-f26d-45d6-a92a-675a54b39b54', 'key_exchange', 'Key exchange fee');
INSERT INTO public.fee_type (fee_type_id, code, name) VALUES ('d9c5d727-d892-48c5-b94e-5295b85b4300', 'maintenance', 'Maintenance fee');
INSERT INTO public.fee_type (fee_type_id, code, name) VALUES ('1597d75a-c82a-49b2-ba5f-580ef5cc5246', 'wifi_plus', 'Premium Wi-Fi fee');
INSERT INTO public.fee_type (fee_type_id, code, name) VALUES ('076634f6-8f78-4b46-b5c6-daee5d09d418', 'convenience', 'Convenience fee');


--
-- Data for Name: booking_fee; Type: TABLE DATA; Schema: public; Owner: admin@email.com
--

INSERT INTO public.booking_fee (booking_id, fee_type_id, amount) VALUES ('3b967174-027e-4d36-87a3-7378329b9c79', '9271bfa7-2e74-41ae-9709-6e01951db277', 39.92);
INSERT INTO public.booking_fee (booking_id, fee_type_id, amount) VALUES ('3b967174-027e-4d36-87a3-7378329b9c79', '44a0e420-6e0d-49f3-adce-d5dcf4add422', 44.44);
INSERT INTO public.booking_fee (booking_id, fee_type_id, amount) VALUES ('46dbff36-4559-423e-8720-d894ca4721f1', '9271bfa7-2e74-41ae-9709-6e01951db277', 31.61);
INSERT INTO public.booking_fee (booking_id, fee_type_id, amount) VALUES ('46dbff36-4559-423e-8720-d894ca4721f1', '44a0e420-6e0d-49f3-adce-d5dcf4add422', 30.88);
INSERT INTO public.booking_fee (booking_id, fee_type_id, amount) VALUES ('a6c02650-d664-413a-a96c-b5adccb4b068', '9271bfa7-2e74-41ae-9709-6e01951db277', 35.23);
INSERT INTO public.booking_fee (booking_id, fee_type_id, amount) VALUES ('a6c02650-d664-413a-a96c-b5adccb4b068', '44a0e420-6e0d-49f3-adce-d5dcf4add422', 96.78);
INSERT INTO public.booking_fee (booking_id, fee_type_id, amount) VALUES ('834fd5d4-d440-4df7-9969-2c3a5e6e4e6f', '9271bfa7-2e74-41ae-9709-6e01951db277', 23.10);
INSERT INTO public.booking_fee (booking_id, fee_type_id, amount) VALUES ('834fd5d4-d440-4df7-9969-2c3a5e6e4e6f', '44a0e420-6e0d-49f3-adce-d5dcf4add422', 30.90);
INSERT INTO public.booking_fee (booking_id, fee_type_id, amount) VALUES ('299cf381-8605-418c-a869-a2ee003602a4', '9271bfa7-2e74-41ae-9709-6e01951db277', 29.98);
INSERT INTO public.booking_fee (booking_id, fee_type_id, amount) VALUES ('299cf381-8605-418c-a869-a2ee003602a4', '44a0e420-6e0d-49f3-adce-d5dcf4add422', 21.63);
INSERT INTO public.booking_fee (booking_id, fee_type_id, amount) VALUES ('9bd80c86-8e04-4896-8679-dc6d34ab8f9f', '9271bfa7-2e74-41ae-9709-6e01951db277', 39.23);
INSERT INTO public.booking_fee (booking_id, fee_type_id, amount) VALUES ('9bd80c86-8e04-4896-8679-dc6d34ab8f9f', '44a0e420-6e0d-49f3-adce-d5dcf4add422', 73.93);
INSERT INTO public.booking_fee (booking_id, fee_type_id, amount) VALUES ('9ff14b0f-de80-4637-8cb4-52e94b084a21', '9271bfa7-2e74-41ae-9709-6e01951db277', 33.43);
INSERT INTO public.booking_fee (booking_id, fee_type_id, amount) VALUES ('9ff14b0f-de80-4637-8cb4-52e94b084a21', '44a0e420-6e0d-49f3-adce-d5dcf4add422', 98.79);
INSERT INTO public.booking_fee (booking_id, fee_type_id, amount) VALUES ('a2f86091-fe6c-4678-aacc-4cc95004950d', '9271bfa7-2e74-41ae-9709-6e01951db277', 21.43);
INSERT INTO public.booking_fee (booking_id, fee_type_id, amount) VALUES ('a2f86091-fe6c-4678-aacc-4cc95004950d', '44a0e420-6e0d-49f3-adce-d5dcf4add422', 24.78);
INSERT INTO public.booking_fee (booking_id, fee_type_id, amount) VALUES ('522cd873-670c-4da6-8768-2aa90451e2a0', '9271bfa7-2e74-41ae-9709-6e01951db277', 21.35);
INSERT INTO public.booking_fee (booking_id, fee_type_id, amount) VALUES ('522cd873-670c-4da6-8768-2aa90451e2a0', '44a0e420-6e0d-49f3-adce-d5dcf4add422', 49.06);
INSERT INTO public.booking_fee (booking_id, fee_type_id, amount) VALUES ('7626978c-8f7a-45ca-9ccb-98b4f17b7639', '9271bfa7-2e74-41ae-9709-6e01951db277', 35.88);
INSERT INTO public.booking_fee (booking_id, fee_type_id, amount) VALUES ('7626978c-8f7a-45ca-9ccb-98b4f17b7639', '44a0e420-6e0d-49f3-adce-d5dcf4add422', 36.08);
INSERT INTO public.booking_fee (booking_id, fee_type_id, amount) VALUES ('25bdac77-ec52-4217-97d0-fb6cdb88561d', '9271bfa7-2e74-41ae-9709-6e01951db277', 92338.64);
INSERT INTO public.booking_fee (booking_id, fee_type_id, amount) VALUES ('25bdac77-ec52-4217-97d0-fb6cdb88561d', '44a0e420-6e0d-49f3-adce-d5dcf4add422', 139234.15);
INSERT INTO public.booking_fee (booking_id, fee_type_id, amount) VALUES ('923eebf1-4745-4c0f-830f-3207e0ea327f', '9271bfa7-2e74-41ae-9709-6e01951db277', 104820.83);
INSERT INTO public.booking_fee (booking_id, fee_type_id, amount) VALUES ('923eebf1-4745-4c0f-830f-3207e0ea327f', '44a0e420-6e0d-49f3-adce-d5dcf4add422', 101971.11);
INSERT INTO public.booking_fee (booking_id, fee_type_id, amount) VALUES ('1dc277cb-229d-4818-ad43-4a252328b4f1', '9271bfa7-2e74-41ae-9709-6e01951db277', 85706.03);
INSERT INTO public.booking_fee (booking_id, fee_type_id, amount) VALUES ('1dc277cb-229d-4818-ad43-4a252328b4f1', '44a0e420-6e0d-49f3-adce-d5dcf4add422', 139887.47);
INSERT INTO public.booking_fee (booking_id, fee_type_id, amount) VALUES ('2484a21f-3630-428a-9619-40bc53f9f691', '9271bfa7-2e74-41ae-9709-6e01951db277', 95011.98);
INSERT INTO public.booking_fee (booking_id, fee_type_id, amount) VALUES ('2484a21f-3630-428a-9619-40bc53f9f691', '44a0e420-6e0d-49f3-adce-d5dcf4add422', 172418.30);
INSERT INTO public.booking_fee (booking_id, fee_type_id, amount) VALUES ('ec4a3039-edd6-4de3-876f-21373f2b52ce', '9271bfa7-2e74-41ae-9709-6e01951db277', 81719.79);
INSERT INTO public.booking_fee (booking_id, fee_type_id, amount) VALUES ('ec4a3039-edd6-4de3-876f-21373f2b52ce', '44a0e420-6e0d-49f3-adce-d5dcf4add422', 128399.59);
INSERT INTO public.booking_fee (booking_id, fee_type_id, amount) VALUES ('fb32525c-66fa-474a-b1a7-543b161e7a55', '9271bfa7-2e74-41ae-9709-6e01951db277', 119839.55);
INSERT INTO public.booking_fee (booking_id, fee_type_id, amount) VALUES ('fb32525c-66fa-474a-b1a7-543b161e7a55', '44a0e420-6e0d-49f3-adce-d5dcf4add422', 61375.10);
INSERT INTO public.booking_fee (booking_id, fee_type_id, amount) VALUES ('4c8ed9be-0496-4805-9596-dc59bf5fa372', '9271bfa7-2e74-41ae-9709-6e01951db277', 68299.90);
INSERT INTO public.booking_fee (booking_id, fee_type_id, amount) VALUES ('4c8ed9be-0496-4805-9596-dc59bf5fa372', '44a0e420-6e0d-49f3-adce-d5dcf4add422', 150530.61);
INSERT INTO public.booking_fee (booking_id, fee_type_id, amount) VALUES ('47eb4a49-fcda-4999-ade9-0bfbc3704e18', '9271bfa7-2e74-41ae-9709-6e01951db277', 89610.95);
INSERT INTO public.booking_fee (booking_id, fee_type_id, amount) VALUES ('47eb4a49-fcda-4999-ade9-0bfbc3704e18', '44a0e420-6e0d-49f3-adce-d5dcf4add422', 115061.04);
INSERT INTO public.booking_fee (booking_id, fee_type_id, amount) VALUES ('0ab036e6-f812-4f51-a981-d93c002ecc44', '9271bfa7-2e74-41ae-9709-6e01951db277', 105346.93);
INSERT INTO public.booking_fee (booking_id, fee_type_id, amount) VALUES ('0ab036e6-f812-4f51-a981-d93c002ecc44', '44a0e420-6e0d-49f3-adce-d5dcf4add422', 279185.77);
INSERT INTO public.booking_fee (booking_id, fee_type_id, amount) VALUES ('d1cc3377-003b-45a8-adc7-8d5be6947fcc', '9271bfa7-2e74-41ae-9709-6e01951db277', 111666.17);
INSERT INTO public.booking_fee (booking_id, fee_type_id, amount) VALUES ('d1cc3377-003b-45a8-adc7-8d5be6947fcc', '44a0e420-6e0d-49f3-adce-d5dcf4add422', 61167.64);


--
-- Data for Name: house_rule; Type: TABLE DATA; Schema: public; Owner: admin@email.com
--

INSERT INTO public.house_rule (rule_id, code, name) VALUES ('0472d1e7-d402-4459-bfd0-cf7427b28e83', 'no_smoking', 'No smoking');
INSERT INTO public.house_rule (rule_id, code, name) VALUES ('dac62250-299f-4840-b399-992ffa6ec3d4', 'no_pets', 'No pets');
INSERT INTO public.house_rule (rule_id, code, name) VALUES ('9dae8388-9b38-4955-a7ba-0703b599b43c', 'no_parties', 'No parties');
INSERT INTO public.house_rule (rule_id, code, name) VALUES ('4e59f264-0f45-47e8-af11-3109fcf81348', 'quiet_hours', 'Quiet hours after 22:00');
INSERT INTO public.house_rule (rule_id, code, name) VALUES ('1de7c714-3f47-45d1-ba19-501a156ff72f', 'check_in_after_3pm', 'Check-in after 15:00');
INSERT INTO public.house_rule (rule_id, code, name) VALUES ('5d8036ce-dbca-497c-847c-6dbd53ad59d1', 'check_out_before_11am', 'Check-out before 11:00');
INSERT INTO public.house_rule (rule_id, code, name) VALUES ('d7e10581-0c00-4714-a8f5-279cdfb8d97a', 'respect_neighbors', 'Respect the neighbors');
INSERT INTO public.house_rule (rule_id, code, name) VALUES ('710e4f1e-2e27-4429-97dd-9956e64c6797', 'clean_common_areas', 'Leave common areas clean');
INSERT INTO public.house_rule (rule_id, code, name) VALUES ('8bbeb1c5-968e-4a72-bb50-fcb24c67c633', 'report_damage', 'Report damages immediately');
INSERT INTO public.house_rule (rule_id, code, name) VALUES ('020ad4e5-cac9-43fd-b49d-8a1f21aca203', 'lock_doors', 'Lock doors and windows');
INSERT INTO public.house_rule (rule_id, code, name) VALUES ('b17e9cae-f402-4a99-9802-21b79bb0699f', 'no_loud_music', 'No loud music');
INSERT INTO public.house_rule (rule_id, code, name) VALUES ('5fa98c2c-44b9-4f7c-993c-1e0a910df364', 'no_unregistered_guests', 'No unregistered guests');
INSERT INTO public.house_rule (rule_id, code, name) VALUES ('de294024-55a8-4657-83c3-bb99f087988e', 'turn_off_lights', 'Turn off lights when leaving');
INSERT INTO public.house_rule (rule_id, code, name) VALUES ('d01706a3-0a5c-4bb0-86a2-cd4cbd1d6905', 'take_out_trash', 'Take out the trash before checkout');
INSERT INTO public.house_rule (rule_id, code, name) VALUES ('d537ca52-c839-4de9-b0ae-d20024d2c845', 'use_kitchen_respectfully', 'Use the kitchen respectfully');
INSERT INTO public.house_rule (rule_id, code, name) VALUES ('a47306d6-f4e4-4c52-931f-6e28c1f766bf', 'no_shoes_inside', 'No shoes inside');
INSERT INTO public.house_rule (rule_id, code, name) VALUES ('3741685b-9390-4bef-94e7-10f5e9090c33', 'keep_noise_down', 'Keep noise down in stairwells');
INSERT INTO public.house_rule (rule_id, code, name) VALUES ('280378b3-2e3d-43c3-9ba6-4c0032a5f019', 'close_windows', 'Close windows when leaving');
INSERT INTO public.house_rule (rule_id, code, name) VALUES ('2315c6b8-c922-4d65-91d7-f8353d23aedd', 'pool_hours', 'Pool hours must be respected');
INSERT INTO public.house_rule (rule_id, code, name) VALUES ('b868b492-4292-4594-a558-2f79433aff99', 'save_energy', 'Save energy and water');


--
-- Data for Name: listing_amenity; Type: TABLE DATA; Schema: public; Owner: admin@email.com
--

INSERT INTO public.listing_amenity (listing_id, amenity_id) VALUES ('50cf6d68-53e5-4a93-88cd-106150254dff', '071934c2-a990-464c-899e-0946db0a4058');
INSERT INTO public.listing_amenity (listing_id, amenity_id) VALUES ('50cf6d68-53e5-4a93-88cd-106150254dff', 'f20ae0c3-2199-4e57-924e-858da80deae3');
INSERT INTO public.listing_amenity (listing_id, amenity_id) VALUES ('50cf6d68-53e5-4a93-88cd-106150254dff', 'ed199125-bf46-4a61-bf77-e6980fcbcd35');
INSERT INTO public.listing_amenity (listing_id, amenity_id) VALUES ('9da4bbc6-7318-43f8-ba1e-375c5fe4c454', 'f20ae0c3-2199-4e57-924e-858da80deae3');
INSERT INTO public.listing_amenity (listing_id, amenity_id) VALUES ('9da4bbc6-7318-43f8-ba1e-375c5fe4c454', 'ed199125-bf46-4a61-bf77-e6980fcbcd35');
INSERT INTO public.listing_amenity (listing_id, amenity_id) VALUES ('9da4bbc6-7318-43f8-ba1e-375c5fe4c454', '14f23feb-e151-4bd7-a37c-1284405c95cc');
INSERT INTO public.listing_amenity (listing_id, amenity_id) VALUES ('507f6d0b-260f-43c3-805d-5e94e88704ad', 'ed199125-bf46-4a61-bf77-e6980fcbcd35');
INSERT INTO public.listing_amenity (listing_id, amenity_id) VALUES ('507f6d0b-260f-43c3-805d-5e94e88704ad', '14f23feb-e151-4bd7-a37c-1284405c95cc');
INSERT INTO public.listing_amenity (listing_id, amenity_id) VALUES ('507f6d0b-260f-43c3-805d-5e94e88704ad', '23d29c5e-8a01-419f-8f4d-0ad28e12346c');
INSERT INTO public.listing_amenity (listing_id, amenity_id) VALUES ('c6f22751-cfed-4406-a9ff-c924e0dba76b', '14f23feb-e151-4bd7-a37c-1284405c95cc');
INSERT INTO public.listing_amenity (listing_id, amenity_id) VALUES ('c6f22751-cfed-4406-a9ff-c924e0dba76b', '23d29c5e-8a01-419f-8f4d-0ad28e12346c');
INSERT INTO public.listing_amenity (listing_id, amenity_id) VALUES ('c6f22751-cfed-4406-a9ff-c924e0dba76b', '913fdc02-4e94-4579-865e-8856b8fb3658');
INSERT INTO public.listing_amenity (listing_id, amenity_id) VALUES ('c005af8b-1ed0-4024-a3b2-2a982b5ab623', '23d29c5e-8a01-419f-8f4d-0ad28e12346c');
INSERT INTO public.listing_amenity (listing_id, amenity_id) VALUES ('c005af8b-1ed0-4024-a3b2-2a982b5ab623', '913fdc02-4e94-4579-865e-8856b8fb3658');
INSERT INTO public.listing_amenity (listing_id, amenity_id) VALUES ('c005af8b-1ed0-4024-a3b2-2a982b5ab623', '4d529603-95e4-4c52-984c-0690ab5a2bb5');
INSERT INTO public.listing_amenity (listing_id, amenity_id) VALUES ('490d93a3-01d0-42f0-bdf7-f1e03a414142', '913fdc02-4e94-4579-865e-8856b8fb3658');
INSERT INTO public.listing_amenity (listing_id, amenity_id) VALUES ('490d93a3-01d0-42f0-bdf7-f1e03a414142', '4d529603-95e4-4c52-984c-0690ab5a2bb5');
INSERT INTO public.listing_amenity (listing_id, amenity_id) VALUES ('490d93a3-01d0-42f0-bdf7-f1e03a414142', '99b78e4c-a5a9-495c-a30d-0e8ca81ebf4b');
INSERT INTO public.listing_amenity (listing_id, amenity_id) VALUES ('065c1c7d-e745-482f-a139-0ad42bf7891f', '4d529603-95e4-4c52-984c-0690ab5a2bb5');
INSERT INTO public.listing_amenity (listing_id, amenity_id) VALUES ('065c1c7d-e745-482f-a139-0ad42bf7891f', '99b78e4c-a5a9-495c-a30d-0e8ca81ebf4b');
INSERT INTO public.listing_amenity (listing_id, amenity_id) VALUES ('065c1c7d-e745-482f-a139-0ad42bf7891f', '1d84f02f-1271-4896-965c-42363aebc533');
INSERT INTO public.listing_amenity (listing_id, amenity_id) VALUES ('e235369f-d289-4a01-8825-b5dc6a29de3e', '99b78e4c-a5a9-495c-a30d-0e8ca81ebf4b');
INSERT INTO public.listing_amenity (listing_id, amenity_id) VALUES ('e235369f-d289-4a01-8825-b5dc6a29de3e', '1d84f02f-1271-4896-965c-42363aebc533');
INSERT INTO public.listing_amenity (listing_id, amenity_id) VALUES ('e235369f-d289-4a01-8825-b5dc6a29de3e', '14c61d01-f8c7-49c3-80a6-ada23760aca2');
INSERT INTO public.listing_amenity (listing_id, amenity_id) VALUES ('0e155bb8-341a-431b-80a6-3a6dac7fb2dc', '1d84f02f-1271-4896-965c-42363aebc533');
INSERT INTO public.listing_amenity (listing_id, amenity_id) VALUES ('0e155bb8-341a-431b-80a6-3a6dac7fb2dc', '14c61d01-f8c7-49c3-80a6-ada23760aca2');
INSERT INTO public.listing_amenity (listing_id, amenity_id) VALUES ('0e155bb8-341a-431b-80a6-3a6dac7fb2dc', '5466a33d-dee1-44be-b11b-cffc21ac38b2');
INSERT INTO public.listing_amenity (listing_id, amenity_id) VALUES ('09573caf-3611-446c-ba83-e3f22f011c8f', '14c61d01-f8c7-49c3-80a6-ada23760aca2');
INSERT INTO public.listing_amenity (listing_id, amenity_id) VALUES ('09573caf-3611-446c-ba83-e3f22f011c8f', '5466a33d-dee1-44be-b11b-cffc21ac38b2');
INSERT INTO public.listing_amenity (listing_id, amenity_id) VALUES ('09573caf-3611-446c-ba83-e3f22f011c8f', 'eac5795f-2a50-4e45-98c6-5533d7f6608a');
INSERT INTO public.listing_amenity (listing_id, amenity_id) VALUES ('f6f5a641-00db-4f08-8c1b-f9f717c65a48', '5466a33d-dee1-44be-b11b-cffc21ac38b2');
INSERT INTO public.listing_amenity (listing_id, amenity_id) VALUES ('f6f5a641-00db-4f08-8c1b-f9f717c65a48', 'eac5795f-2a50-4e45-98c6-5533d7f6608a');
INSERT INTO public.listing_amenity (listing_id, amenity_id) VALUES ('f6f5a641-00db-4f08-8c1b-f9f717c65a48', '3984e139-c3ad-406a-a448-a6475667d090');
INSERT INTO public.listing_amenity (listing_id, amenity_id) VALUES ('83681752-50c2-44dc-937f-f1c23f32c6a8', 'eac5795f-2a50-4e45-98c6-5533d7f6608a');
INSERT INTO public.listing_amenity (listing_id, amenity_id) VALUES ('83681752-50c2-44dc-937f-f1c23f32c6a8', '3984e139-c3ad-406a-a448-a6475667d090');
INSERT INTO public.listing_amenity (listing_id, amenity_id) VALUES ('83681752-50c2-44dc-937f-f1c23f32c6a8', '3de4fd18-0854-4941-9ce3-557eb2348b7a');
INSERT INTO public.listing_amenity (listing_id, amenity_id) VALUES ('b912aa1f-0cef-448a-9ef0-dc1f176384d3', '3984e139-c3ad-406a-a448-a6475667d090');
INSERT INTO public.listing_amenity (listing_id, amenity_id) VALUES ('b912aa1f-0cef-448a-9ef0-dc1f176384d3', '3de4fd18-0854-4941-9ce3-557eb2348b7a');
INSERT INTO public.listing_amenity (listing_id, amenity_id) VALUES ('b912aa1f-0cef-448a-9ef0-dc1f176384d3', 'd27a348c-0141-4d8a-adb6-a5508010310f');
INSERT INTO public.listing_amenity (listing_id, amenity_id) VALUES ('1ebd3b20-20b1-46c0-9ada-487a0c891d32', '3de4fd18-0854-4941-9ce3-557eb2348b7a');
INSERT INTO public.listing_amenity (listing_id, amenity_id) VALUES ('1ebd3b20-20b1-46c0-9ada-487a0c891d32', 'd27a348c-0141-4d8a-adb6-a5508010310f');
INSERT INTO public.listing_amenity (listing_id, amenity_id) VALUES ('1ebd3b20-20b1-46c0-9ada-487a0c891d32', 'f8eb69ab-0d1d-4883-bacf-5fd8b673ae17');
INSERT INTO public.listing_amenity (listing_id, amenity_id) VALUES ('45c1e23f-78e6-4942-bacf-e806e9715d35', 'd27a348c-0141-4d8a-adb6-a5508010310f');
INSERT INTO public.listing_amenity (listing_id, amenity_id) VALUES ('45c1e23f-78e6-4942-bacf-e806e9715d35', 'f8eb69ab-0d1d-4883-bacf-5fd8b673ae17');
INSERT INTO public.listing_amenity (listing_id, amenity_id) VALUES ('45c1e23f-78e6-4942-bacf-e806e9715d35', 'f160baf4-49af-4264-9f7c-5b008b3ac6d4');
INSERT INTO public.listing_amenity (listing_id, amenity_id) VALUES ('c8ebe1cb-8a6e-46cf-ad56-0556cdd2e74d', 'f8eb69ab-0d1d-4883-bacf-5fd8b673ae17');
INSERT INTO public.listing_amenity (listing_id, amenity_id) VALUES ('c8ebe1cb-8a6e-46cf-ad56-0556cdd2e74d', 'f160baf4-49af-4264-9f7c-5b008b3ac6d4');
INSERT INTO public.listing_amenity (listing_id, amenity_id) VALUES ('c8ebe1cb-8a6e-46cf-ad56-0556cdd2e74d', 'bd0b3ff1-68aa-4ceb-bbc9-f6af635127da');
INSERT INTO public.listing_amenity (listing_id, amenity_id) VALUES ('10bf1f73-ddd0-43ad-9261-4e6461df2c69', 'f160baf4-49af-4264-9f7c-5b008b3ac6d4');
INSERT INTO public.listing_amenity (listing_id, amenity_id) VALUES ('10bf1f73-ddd0-43ad-9261-4e6461df2c69', 'bd0b3ff1-68aa-4ceb-bbc9-f6af635127da');
INSERT INTO public.listing_amenity (listing_id, amenity_id) VALUES ('10bf1f73-ddd0-43ad-9261-4e6461df2c69', '29b0dfe1-e8fe-47fe-aa18-579425844a9c');
INSERT INTO public.listing_amenity (listing_id, amenity_id) VALUES ('5897fd5b-1ff0-40d5-8847-ad26ba980c73', 'bd0b3ff1-68aa-4ceb-bbc9-f6af635127da');
INSERT INTO public.listing_amenity (listing_id, amenity_id) VALUES ('5897fd5b-1ff0-40d5-8847-ad26ba980c73', '29b0dfe1-e8fe-47fe-aa18-579425844a9c');
INSERT INTO public.listing_amenity (listing_id, amenity_id) VALUES ('5897fd5b-1ff0-40d5-8847-ad26ba980c73', '5755cd84-1539-40b4-bdeb-c52ace02e78b');
INSERT INTO public.listing_amenity (listing_id, amenity_id) VALUES ('481a06f5-c5d6-4f5e-9c0a-722e30fd9380', '29b0dfe1-e8fe-47fe-aa18-579425844a9c');
INSERT INTO public.listing_amenity (listing_id, amenity_id) VALUES ('481a06f5-c5d6-4f5e-9c0a-722e30fd9380', '5755cd84-1539-40b4-bdeb-c52ace02e78b');
INSERT INTO public.listing_amenity (listing_id, amenity_id) VALUES ('481a06f5-c5d6-4f5e-9c0a-722e30fd9380', '071934c2-a990-464c-899e-0946db0a4058');
INSERT INTO public.listing_amenity (listing_id, amenity_id) VALUES ('a6f0ae97-50dd-4641-a610-28a5d2ea78a6', '5755cd84-1539-40b4-bdeb-c52ace02e78b');
INSERT INTO public.listing_amenity (listing_id, amenity_id) VALUES ('a6f0ae97-50dd-4641-a610-28a5d2ea78a6', '071934c2-a990-464c-899e-0946db0a4058');
INSERT INTO public.listing_amenity (listing_id, amenity_id) VALUES ('a6f0ae97-50dd-4641-a610-28a5d2ea78a6', 'f20ae0c3-2199-4e57-924e-858da80deae3');


--
-- Data for Name: listing_blocked_date; Type: TABLE DATA; Schema: public; Owner: admin@email.com
--

INSERT INTO public.listing_blocked_date (listing_id, day, reason) VALUES ('50cf6d68-53e5-4a93-88cd-106150254dff', '2026-05-22', 'Maintenance window');
INSERT INTO public.listing_blocked_date (listing_id, day, reason) VALUES ('50cf6d68-53e5-4a93-88cd-106150254dff', '2026-05-25', 'Owner hold');
INSERT INTO public.listing_blocked_date (listing_id, day, reason) VALUES ('9da4bbc6-7318-43f8-ba1e-375c5fe4c454', '2026-05-23', 'Maintenance window');
INSERT INTO public.listing_blocked_date (listing_id, day, reason) VALUES ('9da4bbc6-7318-43f8-ba1e-375c5fe4c454', '2026-05-26', 'Owner hold');
INSERT INTO public.listing_blocked_date (listing_id, day, reason) VALUES ('507f6d0b-260f-43c3-805d-5e94e88704ad', '2026-05-24', 'Maintenance window');
INSERT INTO public.listing_blocked_date (listing_id, day, reason) VALUES ('507f6d0b-260f-43c3-805d-5e94e88704ad', '2026-05-27', 'Owner hold');
INSERT INTO public.listing_blocked_date (listing_id, day, reason) VALUES ('c6f22751-cfed-4406-a9ff-c924e0dba76b', '2026-05-25', 'Maintenance window');
INSERT INTO public.listing_blocked_date (listing_id, day, reason) VALUES ('c6f22751-cfed-4406-a9ff-c924e0dba76b', '2026-05-28', 'Owner hold');
INSERT INTO public.listing_blocked_date (listing_id, day, reason) VALUES ('c005af8b-1ed0-4024-a3b2-2a982b5ab623', '2026-05-26', 'Maintenance window');
INSERT INTO public.listing_blocked_date (listing_id, day, reason) VALUES ('c005af8b-1ed0-4024-a3b2-2a982b5ab623', '2026-05-29', 'Owner hold');
INSERT INTO public.listing_blocked_date (listing_id, day, reason) VALUES ('490d93a3-01d0-42f0-bdf7-f1e03a414142', '2026-05-27', 'Maintenance window');
INSERT INTO public.listing_blocked_date (listing_id, day, reason) VALUES ('490d93a3-01d0-42f0-bdf7-f1e03a414142', '2026-05-30', 'Owner hold');
INSERT INTO public.listing_blocked_date (listing_id, day, reason) VALUES ('065c1c7d-e745-482f-a139-0ad42bf7891f', '2026-05-28', 'Maintenance window');
INSERT INTO public.listing_blocked_date (listing_id, day, reason) VALUES ('065c1c7d-e745-482f-a139-0ad42bf7891f', '2026-05-31', 'Owner hold');
INSERT INTO public.listing_blocked_date (listing_id, day, reason) VALUES ('e235369f-d289-4a01-8825-b5dc6a29de3e', '2026-05-29', 'Maintenance window');
INSERT INTO public.listing_blocked_date (listing_id, day, reason) VALUES ('e235369f-d289-4a01-8825-b5dc6a29de3e', '2026-06-01', 'Owner hold');
INSERT INTO public.listing_blocked_date (listing_id, day, reason) VALUES ('0e155bb8-341a-431b-80a6-3a6dac7fb2dc', '2026-05-30', 'Maintenance window');
INSERT INTO public.listing_blocked_date (listing_id, day, reason) VALUES ('0e155bb8-341a-431b-80a6-3a6dac7fb2dc', '2026-06-02', 'Owner hold');
INSERT INTO public.listing_blocked_date (listing_id, day, reason) VALUES ('09573caf-3611-446c-ba83-e3f22f011c8f', '2026-05-31', 'Maintenance window');
INSERT INTO public.listing_blocked_date (listing_id, day, reason) VALUES ('09573caf-3611-446c-ba83-e3f22f011c8f', '2026-06-03', 'Owner hold');
INSERT INTO public.listing_blocked_date (listing_id, day, reason) VALUES ('f6f5a641-00db-4f08-8c1b-f9f717c65a48', '2026-06-01', 'Maintenance window');
INSERT INTO public.listing_blocked_date (listing_id, day, reason) VALUES ('f6f5a641-00db-4f08-8c1b-f9f717c65a48', '2026-06-04', 'Owner hold');
INSERT INTO public.listing_blocked_date (listing_id, day, reason) VALUES ('83681752-50c2-44dc-937f-f1c23f32c6a8', '2026-06-02', 'Maintenance window');
INSERT INTO public.listing_blocked_date (listing_id, day, reason) VALUES ('83681752-50c2-44dc-937f-f1c23f32c6a8', '2026-06-05', 'Owner hold');
INSERT INTO public.listing_blocked_date (listing_id, day, reason) VALUES ('b912aa1f-0cef-448a-9ef0-dc1f176384d3', '2026-06-03', 'Maintenance window');
INSERT INTO public.listing_blocked_date (listing_id, day, reason) VALUES ('b912aa1f-0cef-448a-9ef0-dc1f176384d3', '2026-06-06', 'Owner hold');
INSERT INTO public.listing_blocked_date (listing_id, day, reason) VALUES ('1ebd3b20-20b1-46c0-9ada-487a0c891d32', '2026-06-04', 'Maintenance window');
INSERT INTO public.listing_blocked_date (listing_id, day, reason) VALUES ('1ebd3b20-20b1-46c0-9ada-487a0c891d32', '2026-06-07', 'Owner hold');
INSERT INTO public.listing_blocked_date (listing_id, day, reason) VALUES ('45c1e23f-78e6-4942-bacf-e806e9715d35', '2026-06-05', 'Maintenance window');
INSERT INTO public.listing_blocked_date (listing_id, day, reason) VALUES ('45c1e23f-78e6-4942-bacf-e806e9715d35', '2026-06-08', 'Owner hold');
INSERT INTO public.listing_blocked_date (listing_id, day, reason) VALUES ('c8ebe1cb-8a6e-46cf-ad56-0556cdd2e74d', '2026-06-06', 'Maintenance window');
INSERT INTO public.listing_blocked_date (listing_id, day, reason) VALUES ('c8ebe1cb-8a6e-46cf-ad56-0556cdd2e74d', '2026-06-09', 'Owner hold');
INSERT INTO public.listing_blocked_date (listing_id, day, reason) VALUES ('10bf1f73-ddd0-43ad-9261-4e6461df2c69', '2026-06-07', 'Maintenance window');
INSERT INTO public.listing_blocked_date (listing_id, day, reason) VALUES ('10bf1f73-ddd0-43ad-9261-4e6461df2c69', '2026-06-10', 'Owner hold');
INSERT INTO public.listing_blocked_date (listing_id, day, reason) VALUES ('5897fd5b-1ff0-40d5-8847-ad26ba980c73', '2026-06-08', 'Maintenance window');
INSERT INTO public.listing_blocked_date (listing_id, day, reason) VALUES ('5897fd5b-1ff0-40d5-8847-ad26ba980c73', '2026-06-11', 'Owner hold');
INSERT INTO public.listing_blocked_date (listing_id, day, reason) VALUES ('481a06f5-c5d6-4f5e-9c0a-722e30fd9380', '2026-06-09', 'Maintenance window');
INSERT INTO public.listing_blocked_date (listing_id, day, reason) VALUES ('481a06f5-c5d6-4f5e-9c0a-722e30fd9380', '2026-06-12', 'Owner hold');
INSERT INTO public.listing_blocked_date (listing_id, day, reason) VALUES ('a6f0ae97-50dd-4641-a610-28a5d2ea78a6', '2026-06-10', 'Maintenance window');
INSERT INTO public.listing_blocked_date (listing_id, day, reason) VALUES ('a6f0ae97-50dd-4641-a610-28a5d2ea78a6', '2026-06-13', 'Owner hold');


--
-- Data for Name: listing_house_rule; Type: TABLE DATA; Schema: public; Owner: admin@email.com
--

INSERT INTO public.listing_house_rule (listing_id, rule_id, note) VALUES ('50cf6d68-53e5-4a93-88cd-106150254dff', '0472d1e7-d402-4459-bfd0-cf7427b28e83', 'Please keep the property tidy.');
INSERT INTO public.listing_house_rule (listing_id, rule_id, note) VALUES ('50cf6d68-53e5-4a93-88cd-106150254dff', 'dac62250-299f-4840-b399-992ffa6ec3d4', 'Respect quiet hours after 22:00.');
INSERT INTO public.listing_house_rule (listing_id, rule_id, note) VALUES ('9da4bbc6-7318-43f8-ba1e-375c5fe4c454', 'dac62250-299f-4840-b399-992ffa6ec3d4', 'Please keep the property tidy.');
INSERT INTO public.listing_house_rule (listing_id, rule_id, note) VALUES ('9da4bbc6-7318-43f8-ba1e-375c5fe4c454', '9dae8388-9b38-4955-a7ba-0703b599b43c', 'Respect quiet hours after 22:00.');
INSERT INTO public.listing_house_rule (listing_id, rule_id, note) VALUES ('507f6d0b-260f-43c3-805d-5e94e88704ad', '9dae8388-9b38-4955-a7ba-0703b599b43c', 'Please keep the property tidy.');
INSERT INTO public.listing_house_rule (listing_id, rule_id, note) VALUES ('507f6d0b-260f-43c3-805d-5e94e88704ad', '4e59f264-0f45-47e8-af11-3109fcf81348', 'Respect quiet hours after 22:00.');
INSERT INTO public.listing_house_rule (listing_id, rule_id, note) VALUES ('c6f22751-cfed-4406-a9ff-c924e0dba76b', '4e59f264-0f45-47e8-af11-3109fcf81348', 'Please keep the property tidy.');
INSERT INTO public.listing_house_rule (listing_id, rule_id, note) VALUES ('c6f22751-cfed-4406-a9ff-c924e0dba76b', '1de7c714-3f47-45d1-ba19-501a156ff72f', 'Respect quiet hours after 22:00.');
INSERT INTO public.listing_house_rule (listing_id, rule_id, note) VALUES ('c005af8b-1ed0-4024-a3b2-2a982b5ab623', '1de7c714-3f47-45d1-ba19-501a156ff72f', 'Please keep the property tidy.');
INSERT INTO public.listing_house_rule (listing_id, rule_id, note) VALUES ('c005af8b-1ed0-4024-a3b2-2a982b5ab623', '5d8036ce-dbca-497c-847c-6dbd53ad59d1', 'Respect quiet hours after 22:00.');
INSERT INTO public.listing_house_rule (listing_id, rule_id, note) VALUES ('490d93a3-01d0-42f0-bdf7-f1e03a414142', '5d8036ce-dbca-497c-847c-6dbd53ad59d1', 'Please keep the property tidy.');
INSERT INTO public.listing_house_rule (listing_id, rule_id, note) VALUES ('490d93a3-01d0-42f0-bdf7-f1e03a414142', 'd7e10581-0c00-4714-a8f5-279cdfb8d97a', 'Respect quiet hours after 22:00.');
INSERT INTO public.listing_house_rule (listing_id, rule_id, note) VALUES ('065c1c7d-e745-482f-a139-0ad42bf7891f', 'd7e10581-0c00-4714-a8f5-279cdfb8d97a', 'Please keep the property tidy.');
INSERT INTO public.listing_house_rule (listing_id, rule_id, note) VALUES ('065c1c7d-e745-482f-a139-0ad42bf7891f', '710e4f1e-2e27-4429-97dd-9956e64c6797', 'Respect quiet hours after 22:00.');
INSERT INTO public.listing_house_rule (listing_id, rule_id, note) VALUES ('e235369f-d289-4a01-8825-b5dc6a29de3e', '710e4f1e-2e27-4429-97dd-9956e64c6797', 'Please keep the property tidy.');
INSERT INTO public.listing_house_rule (listing_id, rule_id, note) VALUES ('e235369f-d289-4a01-8825-b5dc6a29de3e', '8bbeb1c5-968e-4a72-bb50-fcb24c67c633', 'Respect quiet hours after 22:00.');
INSERT INTO public.listing_house_rule (listing_id, rule_id, note) VALUES ('0e155bb8-341a-431b-80a6-3a6dac7fb2dc', '8bbeb1c5-968e-4a72-bb50-fcb24c67c633', 'Please keep the property tidy.');
INSERT INTO public.listing_house_rule (listing_id, rule_id, note) VALUES ('0e155bb8-341a-431b-80a6-3a6dac7fb2dc', '020ad4e5-cac9-43fd-b49d-8a1f21aca203', 'Respect quiet hours after 22:00.');
INSERT INTO public.listing_house_rule (listing_id, rule_id, note) VALUES ('09573caf-3611-446c-ba83-e3f22f011c8f', '020ad4e5-cac9-43fd-b49d-8a1f21aca203', 'Please keep the property tidy.');
INSERT INTO public.listing_house_rule (listing_id, rule_id, note) VALUES ('09573caf-3611-446c-ba83-e3f22f011c8f', 'b17e9cae-f402-4a99-9802-21b79bb0699f', 'Respect quiet hours after 22:00.');
INSERT INTO public.listing_house_rule (listing_id, rule_id, note) VALUES ('f6f5a641-00db-4f08-8c1b-f9f717c65a48', 'b17e9cae-f402-4a99-9802-21b79bb0699f', 'Please keep the property tidy.');
INSERT INTO public.listing_house_rule (listing_id, rule_id, note) VALUES ('f6f5a641-00db-4f08-8c1b-f9f717c65a48', '5fa98c2c-44b9-4f7c-993c-1e0a910df364', 'Respect quiet hours after 22:00.');
INSERT INTO public.listing_house_rule (listing_id, rule_id, note) VALUES ('83681752-50c2-44dc-937f-f1c23f32c6a8', '5fa98c2c-44b9-4f7c-993c-1e0a910df364', 'Please keep the property tidy.');
INSERT INTO public.listing_house_rule (listing_id, rule_id, note) VALUES ('83681752-50c2-44dc-937f-f1c23f32c6a8', 'de294024-55a8-4657-83c3-bb99f087988e', 'Respect quiet hours after 22:00.');
INSERT INTO public.listing_house_rule (listing_id, rule_id, note) VALUES ('b912aa1f-0cef-448a-9ef0-dc1f176384d3', 'de294024-55a8-4657-83c3-bb99f087988e', 'Please keep the property tidy.');
INSERT INTO public.listing_house_rule (listing_id, rule_id, note) VALUES ('b912aa1f-0cef-448a-9ef0-dc1f176384d3', 'd01706a3-0a5c-4bb0-86a2-cd4cbd1d6905', 'Respect quiet hours after 22:00.');
INSERT INTO public.listing_house_rule (listing_id, rule_id, note) VALUES ('1ebd3b20-20b1-46c0-9ada-487a0c891d32', 'd01706a3-0a5c-4bb0-86a2-cd4cbd1d6905', 'Please keep the property tidy.');
INSERT INTO public.listing_house_rule (listing_id, rule_id, note) VALUES ('1ebd3b20-20b1-46c0-9ada-487a0c891d32', 'd537ca52-c839-4de9-b0ae-d20024d2c845', 'Respect quiet hours after 22:00.');
INSERT INTO public.listing_house_rule (listing_id, rule_id, note) VALUES ('45c1e23f-78e6-4942-bacf-e806e9715d35', 'd537ca52-c839-4de9-b0ae-d20024d2c845', 'Please keep the property tidy.');
INSERT INTO public.listing_house_rule (listing_id, rule_id, note) VALUES ('45c1e23f-78e6-4942-bacf-e806e9715d35', 'a47306d6-f4e4-4c52-931f-6e28c1f766bf', 'Respect quiet hours after 22:00.');
INSERT INTO public.listing_house_rule (listing_id, rule_id, note) VALUES ('c8ebe1cb-8a6e-46cf-ad56-0556cdd2e74d', 'a47306d6-f4e4-4c52-931f-6e28c1f766bf', 'Please keep the property tidy.');
INSERT INTO public.listing_house_rule (listing_id, rule_id, note) VALUES ('c8ebe1cb-8a6e-46cf-ad56-0556cdd2e74d', '3741685b-9390-4bef-94e7-10f5e9090c33', 'Respect quiet hours after 22:00.');
INSERT INTO public.listing_house_rule (listing_id, rule_id, note) VALUES ('10bf1f73-ddd0-43ad-9261-4e6461df2c69', '3741685b-9390-4bef-94e7-10f5e9090c33', 'Please keep the property tidy.');
INSERT INTO public.listing_house_rule (listing_id, rule_id, note) VALUES ('10bf1f73-ddd0-43ad-9261-4e6461df2c69', '280378b3-2e3d-43c3-9ba6-4c0032a5f019', 'Respect quiet hours after 22:00.');
INSERT INTO public.listing_house_rule (listing_id, rule_id, note) VALUES ('5897fd5b-1ff0-40d5-8847-ad26ba980c73', '280378b3-2e3d-43c3-9ba6-4c0032a5f019', 'Please keep the property tidy.');
INSERT INTO public.listing_house_rule (listing_id, rule_id, note) VALUES ('5897fd5b-1ff0-40d5-8847-ad26ba980c73', '2315c6b8-c922-4d65-91d7-f8353d23aedd', 'Respect quiet hours after 22:00.');
INSERT INTO public.listing_house_rule (listing_id, rule_id, note) VALUES ('481a06f5-c5d6-4f5e-9c0a-722e30fd9380', '2315c6b8-c922-4d65-91d7-f8353d23aedd', 'Please keep the property tidy.');
INSERT INTO public.listing_house_rule (listing_id, rule_id, note) VALUES ('481a06f5-c5d6-4f5e-9c0a-722e30fd9380', 'b868b492-4292-4594-a558-2f79433aff99', 'Respect quiet hours after 22:00.');
INSERT INTO public.listing_house_rule (listing_id, rule_id, note) VALUES ('a6f0ae97-50dd-4641-a610-28a5d2ea78a6', 'b868b492-4292-4594-a558-2f79433aff99', 'Please keep the property tidy.');
INSERT INTO public.listing_house_rule (listing_id, rule_id, note) VALUES ('a6f0ae97-50dd-4641-a610-28a5d2ea78a6', '0472d1e7-d402-4459-bfd0-cf7427b28e83', 'Respect quiet hours after 22:00.');


--
-- Data for Name: listing_photo; Type: TABLE DATA; Schema: public; Owner: admin@email.com
--

INSERT INTO public.listing_photo (photo_id, listing_id, url, caption, is_cover, sort_order, uploaded_at) VALUES ('004bd13b-a642-4df4-a1d6-1ae85e6a8eb0', '50cf6d68-53e5-4a93-88cd-106150254dff', 'https://picsum.photos/seed/modernes-loft-in-aue-1-mitte-1/1280/960', 'Modernes Loft in Aue 1 Mitte photo 1', true, 1, '2026-02-19 13:56:33.400594+00');
INSERT INTO public.listing_photo (photo_id, listing_id, url, caption, is_cover, sort_order, uploaded_at) VALUES ('79a3d1dc-f4a0-4747-b0cc-3ef44bf744e3', '50cf6d68-53e5-4a93-88cd-106150254dff', 'https://picsum.photos/seed/modernes-loft-in-aue-1-mitte-2/1280/960', 'Modernes Loft in Aue 1 Mitte photo 2', false, 2, '2026-02-19 14:56:33.400594+00');
INSERT INTO public.listing_photo (photo_id, listing_id, url, caption, is_cover, sort_order, uploaded_at) VALUES ('03c28525-0759-4742-bc9c-ee0e79fce46b', '9da4bbc6-7318-43f8-ba1e-375c5fe4c454', 'https://picsum.photos/seed/ruhiges-studio-nahe-aue-1-nord-1/1280/960', 'Ruhiges Studio nahe Aue 1 Nord photo 1', true, 1, '2026-02-18 13:56:33.404164+00');
INSERT INTO public.listing_photo (photo_id, listing_id, url, caption, is_cover, sort_order, uploaded_at) VALUES ('ae20416d-c80b-446b-986f-8283491b2dd3', '9da4bbc6-7318-43f8-ba1e-375c5fe4c454', 'https://picsum.photos/seed/ruhiges-studio-nahe-aue-1-nord-2/1280/960', 'Ruhiges Studio nahe Aue 1 Nord photo 2', false, 2, '2026-02-18 14:56:33.404164+00');
INSERT INTO public.listing_photo (photo_id, listing_id, url, caption, is_cover, sort_order, uploaded_at) VALUES ('f10c9a2c-84cc-461d-94aa-3d3d5e4170f3', '507f6d0b-260f-43c3-805d-5e94e88704ad', 'https://picsum.photos/seed/ruhiges-studio-nahe-aue-1-sud-1/1280/960', 'Ruhiges Studio nahe Aue 1 Süd photo 1', true, 1, '2026-02-17 13:56:33.406823+00');
INSERT INTO public.listing_photo (photo_id, listing_id, url, caption, is_cover, sort_order, uploaded_at) VALUES ('e603e0fb-530a-48a7-bb1a-ae4078dfe769', '507f6d0b-260f-43c3-805d-5e94e88704ad', 'https://picsum.photos/seed/ruhiges-studio-nahe-aue-1-sud-2/1280/960', 'Ruhiges Studio nahe Aue 1 Süd photo 2', false, 2, '2026-02-17 14:56:33.406823+00');
INSERT INTO public.listing_photo (photo_id, listing_id, url, caption, is_cover, sort_order, uploaded_at) VALUES ('3c66488c-a441-45cd-b639-5a82536a67fb', 'c6f22751-cfed-4406-a9ff-c924e0dba76b', 'https://picsum.photos/seed/helle-wohnung-in-aue-1-ost-1/1280/960', 'Helle Wohnung in Aue 1 Ost photo 1', true, 1, '2026-02-16 13:56:33.409964+00');
INSERT INTO public.listing_photo (photo_id, listing_id, url, caption, is_cover, sort_order, uploaded_at) VALUES ('e291b60d-1b95-4fc1-9a99-27c0361b51b1', 'c6f22751-cfed-4406-a9ff-c924e0dba76b', 'https://picsum.photos/seed/helle-wohnung-in-aue-1-ost-2/1280/960', 'Helle Wohnung in Aue 1 Ost photo 2', false, 2, '2026-02-16 14:56:33.409964+00');
INSERT INTO public.listing_photo (photo_id, listing_id, url, caption, is_cover, sort_order, uploaded_at) VALUES ('275440ac-3abf-4377-91eb-d1ae04c52410', 'c005af8b-1ed0-4024-a3b2-2a982b5ab623', 'https://picsum.photos/seed/gemutliches-apartment-in-aue-1-west-1/1280/960', 'Gemütliches Apartment in Aue 1 West photo 1', true, 1, '2026-02-15 13:56:33.412333+00');
INSERT INTO public.listing_photo (photo_id, listing_id, url, caption, is_cover, sort_order, uploaded_at) VALUES ('e32ad683-6d2a-4bbd-9d62-b7b65a0d1c70', 'c005af8b-1ed0-4024-a3b2-2a982b5ab623', 'https://picsum.photos/seed/gemutliches-apartment-in-aue-1-west-2/1280/960', 'Gemütliches Apartment in Aue 1 West photo 2', false, 2, '2026-02-15 14:56:33.412333+00');
INSERT INTO public.listing_photo (photo_id, listing_id, url, caption, is_cover, sort_order, uploaded_at) VALUES ('930a2c96-4c1c-4597-976d-1191e5027a61', '490d93a3-01d0-42f0-bdf7-f1e03a414142', 'https://picsum.photos/seed/helle-wohnung-in-goslar-2-mitte-1/1280/960', 'Helle Wohnung in Goslar 2 Mitte photo 1', true, 1, '2026-02-14 13:56:33.414733+00');
INSERT INTO public.listing_photo (photo_id, listing_id, url, caption, is_cover, sort_order, uploaded_at) VALUES ('45222dd8-2f9e-4950-abb6-a076696e02f8', '490d93a3-01d0-42f0-bdf7-f1e03a414142', 'https://picsum.photos/seed/helle-wohnung-in-goslar-2-mitte-2/1280/960', 'Helle Wohnung in Goslar 2 Mitte photo 2', false, 2, '2026-02-14 14:56:33.414733+00');
INSERT INTO public.listing_photo (photo_id, listing_id, url, caption, is_cover, sort_order, uploaded_at) VALUES ('f8e0bdd6-277e-4297-a20a-41b0884392bf', '065c1c7d-e745-482f-a139-0ad42bf7891f', 'https://picsum.photos/seed/helle-wohnung-in-goslar-2-nord-1/1280/960', 'Helle Wohnung in Goslar 2 Nord photo 1', true, 1, '2026-02-13 13:56:33.417707+00');
INSERT INTO public.listing_photo (photo_id, listing_id, url, caption, is_cover, sort_order, uploaded_at) VALUES ('e1a06784-32e0-4e86-a231-6d906cbba3b6', '065c1c7d-e745-482f-a139-0ad42bf7891f', 'https://picsum.photos/seed/helle-wohnung-in-goslar-2-nord-2/1280/960', 'Helle Wohnung in Goslar 2 Nord photo 2', false, 2, '2026-02-13 14:56:33.417707+00');
INSERT INTO public.listing_photo (photo_id, listing_id, url, caption, is_cover, sort_order, uploaded_at) VALUES ('ad95dd46-89cb-4731-b2ae-c8a95a7be95d', 'e235369f-d289-4a01-8825-b5dc6a29de3e', 'https://picsum.photos/seed/modernes-loft-in-goslar-2-sud-1/1280/960', 'Modernes Loft in Goslar 2 Süd photo 1', true, 1, '2026-02-12 13:56:33.41991+00');
INSERT INTO public.listing_photo (photo_id, listing_id, url, caption, is_cover, sort_order, uploaded_at) VALUES ('c2105259-6cb9-4f7a-be8a-8a039b9b71fc', 'e235369f-d289-4a01-8825-b5dc6a29de3e', 'https://picsum.photos/seed/modernes-loft-in-goslar-2-sud-2/1280/960', 'Modernes Loft in Goslar 2 Süd photo 2', false, 2, '2026-02-12 14:56:33.41991+00');
INSERT INTO public.listing_photo (photo_id, listing_id, url, caption, is_cover, sort_order, uploaded_at) VALUES ('04647020-0ac9-4909-8536-652e41a4d71e', '0e155bb8-341a-431b-80a6-3a6dac7fb2dc', 'https://picsum.photos/seed/ruhiges-studio-nahe-goslar-2-ost-1/1280/960', 'Ruhiges Studio nahe Goslar 2 Ost photo 1', true, 1, '2026-02-11 13:56:33.422391+00');
INSERT INTO public.listing_photo (photo_id, listing_id, url, caption, is_cover, sort_order, uploaded_at) VALUES ('0274f136-5b1d-49ed-a114-e6b215b4fbb4', '0e155bb8-341a-431b-80a6-3a6dac7fb2dc', 'https://picsum.photos/seed/ruhiges-studio-nahe-goslar-2-ost-2/1280/960', 'Ruhiges Studio nahe Goslar 2 Ost photo 2', false, 2, '2026-02-11 14:56:33.422391+00');
INSERT INTO public.listing_photo (photo_id, listing_id, url, caption, is_cover, sort_order, uploaded_at) VALUES ('ca7b08ae-7c98-4710-93fe-1bbbcb87a12e', '09573caf-3611-446c-ba83-e3f22f011c8f', 'https://picsum.photos/seed/ruhiges-studio-nahe-goslar-2-west-1/1280/960', 'Ruhiges Studio nahe Goslar 2 West photo 1', true, 1, '2026-02-10 13:56:33.424613+00');
INSERT INTO public.listing_photo (photo_id, listing_id, url, caption, is_cover, sort_order, uploaded_at) VALUES ('85439e5a-7b48-427e-ac25-6acfec90d6dc', '09573caf-3611-446c-ba83-e3f22f011c8f', 'https://picsum.photos/seed/ruhiges-studio-nahe-goslar-2-west-2/1280/960', 'Ruhiges Studio nahe Goslar 2 West photo 2', false, 2, '2026-02-10 14:56:33.424613+00');
INSERT INTO public.listing_photo (photo_id, listing_id, url, caption, is_cover, sort_order, uploaded_at) VALUES ('6ff27452-63e4-46e3-a4b1-6ec601e954fb', 'f6f5a641-00db-4f08-8c1b-f9f717c65a48', 'https://picsum.photos/seed/loft-moderno-en-el-espino-1-centro-1/1280/960', 'Loft moderno en El Espino 1 Centro photo 1', true, 1, '2026-02-09 13:56:33.426891+00');
INSERT INTO public.listing_photo (photo_id, listing_id, url, caption, is_cover, sort_order, uploaded_at) VALUES ('9cbaa240-2ed6-4dd8-8e72-f4ae8a359c25', 'f6f5a641-00db-4f08-8c1b-f9f717c65a48', 'https://picsum.photos/seed/loft-moderno-en-el-espino-1-centro-2/1280/960', 'Loft moderno en El Espino 1 Centro photo 2', false, 2, '2026-02-09 14:56:33.426891+00');
INSERT INTO public.listing_photo (photo_id, listing_id, url, caption, is_cover, sort_order, uploaded_at) VALUES ('236e6438-6c1b-47db-ba4f-a078b2f6c1ed', '83681752-50c2-44dc-937f-f1c23f32c6a8', 'https://picsum.photos/seed/apartamento-acogedor-en-el-espino-1-norte-1/1280/960', 'Apartamento acogedor en El Espino 1 Norte photo 1', true, 1, '2026-02-08 13:56:33.429489+00');
INSERT INTO public.listing_photo (photo_id, listing_id, url, caption, is_cover, sort_order, uploaded_at) VALUES ('2471aaee-810a-4c0a-889a-78d99b353183', '83681752-50c2-44dc-937f-f1c23f32c6a8', 'https://picsum.photos/seed/apartamento-acogedor-en-el-espino-1-norte-2/1280/960', 'Apartamento acogedor en El Espino 1 Norte photo 2', false, 2, '2026-02-08 14:56:33.429489+00');
INSERT INTO public.listing_photo (photo_id, listing_id, url, caption, is_cover, sort_order, uploaded_at) VALUES ('c91c2a3d-c155-4d73-8dd1-e9d153be7b63', 'b912aa1f-0cef-448a-9ef0-dc1f176384d3', 'https://picsum.photos/seed/estudio-tranquilo-cerca-de-el-espino-1-sur-1/1280/960', 'Estudio tranquilo cerca de El Espino 1 Sur photo 1', true, 1, '2026-02-07 13:56:33.431978+00');
INSERT INTO public.listing_photo (photo_id, listing_id, url, caption, is_cover, sort_order, uploaded_at) VALUES ('67c753c2-3133-4191-a8b1-989f9d45e591', 'b912aa1f-0cef-448a-9ef0-dc1f176384d3', 'https://picsum.photos/seed/estudio-tranquilo-cerca-de-el-espino-1-sur-2/1280/960', 'Estudio tranquilo cerca de El Espino 1 Sur photo 2', false, 2, '2026-02-07 14:56:33.431978+00');
INSERT INTO public.listing_photo (photo_id, listing_id, url, caption, is_cover, sort_order, uploaded_at) VALUES ('388c3cf1-080e-41ee-8ca6-270411a794ee', '1ebd3b20-20b1-46c0-9ada-487a0c891d32', 'https://picsum.photos/seed/estudio-tranquilo-cerca-de-el-espino-1-este-1/1280/960', 'Estudio tranquilo cerca de El Espino 1 Este photo 1', true, 1, '2026-02-06 13:56:33.434332+00');
INSERT INTO public.listing_photo (photo_id, listing_id, url, caption, is_cover, sort_order, uploaded_at) VALUES ('7a936634-e316-41bf-8a6b-5959b3b1399d', '1ebd3b20-20b1-46c0-9ada-487a0c891d32', 'https://picsum.photos/seed/estudio-tranquilo-cerca-de-el-espino-1-este-2/1280/960', 'Estudio tranquilo cerca de El Espino 1 Este photo 2', false, 2, '2026-02-06 14:56:33.434332+00');
INSERT INTO public.listing_photo (photo_id, listing_id, url, caption, is_cover, sort_order, uploaded_at) VALUES ('fe75d1e8-96c6-4f79-a27b-b0141e5b47ea', '45c1e23f-78e6-4942-bacf-e806e9715d35', 'https://picsum.photos/seed/casa-luminosa-en-el-espino-1-oeste-1/1280/960', 'Casa luminosa en El Espino 1 Oeste photo 1', true, 1, '2026-02-05 13:56:33.436972+00');
INSERT INTO public.listing_photo (photo_id, listing_id, url, caption, is_cover, sort_order, uploaded_at) VALUES ('ced937f5-e3f6-4736-9c00-011059e54054', '45c1e23f-78e6-4942-bacf-e806e9715d35', 'https://picsum.photos/seed/casa-luminosa-en-el-espino-1-oeste-2/1280/960', 'Casa luminosa en El Espino 1 Oeste photo 2', false, 2, '2026-02-05 14:56:33.436972+00');
INSERT INTO public.listing_photo (photo_id, listing_id, url, caption, is_cover, sort_order, uploaded_at) VALUES ('11725c2c-6f1e-4b6c-ab23-b6f851bd2dc5', 'c8ebe1cb-8a6e-46cf-ad56-0556cdd2e74d', 'https://picsum.photos/seed/estudio-tranquilo-cerca-de-gomez-plata-2-centro-1/1280/960', 'Estudio tranquilo cerca de Gómez Plata 2 Centro photo 1', true, 1, '2026-02-04 13:56:33.439229+00');
INSERT INTO public.listing_photo (photo_id, listing_id, url, caption, is_cover, sort_order, uploaded_at) VALUES ('e42e38ab-f331-4a6b-ba7a-b61cedc949ae', 'c8ebe1cb-8a6e-46cf-ad56-0556cdd2e74d', 'https://picsum.photos/seed/estudio-tranquilo-cerca-de-gomez-plata-2-centro-2/1280/960', 'Estudio tranquilo cerca de Gómez Plata 2 Centro photo 2', false, 2, '2026-02-04 14:56:33.439229+00');
INSERT INTO public.listing_photo (photo_id, listing_id, url, caption, is_cover, sort_order, uploaded_at) VALUES ('3c300191-dd36-41f1-a2da-e034859e3763', '10bf1f73-ddd0-43ad-9261-4e6461df2c69', 'https://picsum.photos/seed/apartamento-acogedor-en-gomez-plata-2-norte-1/1280/960', 'Apartamento acogedor en Gómez Plata 2 Norte photo 1', true, 1, '2026-02-03 13:56:33.44185+00');
INSERT INTO public.listing_photo (photo_id, listing_id, url, caption, is_cover, sort_order, uploaded_at) VALUES ('bcee5b06-57ff-47fe-be15-f7cc91dd2c75', '10bf1f73-ddd0-43ad-9261-4e6461df2c69', 'https://picsum.photos/seed/apartamento-acogedor-en-gomez-plata-2-norte-2/1280/960', 'Apartamento acogedor en Gómez Plata 2 Norte photo 2', false, 2, '2026-02-03 14:56:33.44185+00');
INSERT INTO public.listing_photo (photo_id, listing_id, url, caption, is_cover, sort_order, uploaded_at) VALUES ('acdd75b7-4793-45c4-82c4-a20196357e52', '5897fd5b-1ff0-40d5-8847-ad26ba980c73', 'https://picsum.photos/seed/apartamento-acogedor-en-gomez-plata-2-sur-1/1280/960', 'Apartamento acogedor en Gómez Plata 2 Sur photo 1', true, 1, '2026-02-02 13:56:33.444185+00');
INSERT INTO public.listing_photo (photo_id, listing_id, url, caption, is_cover, sort_order, uploaded_at) VALUES ('e619f348-4f6e-4147-8ca7-08fce3525112', '5897fd5b-1ff0-40d5-8847-ad26ba980c73', 'https://picsum.photos/seed/apartamento-acogedor-en-gomez-plata-2-sur-2/1280/960', 'Apartamento acogedor en Gómez Plata 2 Sur photo 2', false, 2, '2026-02-02 14:56:33.444185+00');
INSERT INTO public.listing_photo (photo_id, listing_id, url, caption, is_cover, sort_order, uploaded_at) VALUES ('31116c9c-4259-4414-b8dc-510b9128172d', '481a06f5-c5d6-4f5e-9c0a-722e30fd9380', 'https://picsum.photos/seed/casa-luminosa-en-gomez-plata-2-este-1/1280/960', 'Casa luminosa en Gómez Plata 2 Este photo 1', true, 1, '2026-02-01 13:56:33.446543+00');
INSERT INTO public.listing_photo (photo_id, listing_id, url, caption, is_cover, sort_order, uploaded_at) VALUES ('1b5cb544-89f4-4795-93ae-bb6dc46ff80f', '481a06f5-c5d6-4f5e-9c0a-722e30fd9380', 'https://picsum.photos/seed/casa-luminosa-en-gomez-plata-2-este-2/1280/960', 'Casa luminosa en Gómez Plata 2 Este photo 2', false, 2, '2026-02-01 14:56:33.446543+00');
INSERT INTO public.listing_photo (photo_id, listing_id, url, caption, is_cover, sort_order, uploaded_at) VALUES ('d3e818d8-2ec6-4624-a4fe-308d4cfcb3fe', 'a6f0ae97-50dd-4641-a610-28a5d2ea78a6', 'https://picsum.photos/seed/estudio-tranquilo-cerca-de-gomez-plata-2-oeste-1/1280/960', 'Estudio tranquilo cerca de Gómez Plata 2 Oeste photo 1', true, 1, '2026-01-31 13:56:33.448945+00');
INSERT INTO public.listing_photo (photo_id, listing_id, url, caption, is_cover, sort_order, uploaded_at) VALUES ('c0a9e469-7e20-4b33-8683-7bbd8e046bb3', 'a6f0ae97-50dd-4641-a610-28a5d2ea78a6', 'https://picsum.photos/seed/estudio-tranquilo-cerca-de-gomez-plata-2-oeste-2/1280/960', 'Estudio tranquilo cerca de Gómez Plata 2 Oeste photo 2', false, 2, '2026-01-31 14:56:33.448945+00');


--
-- Data for Name: message_thread; Type: TABLE DATA; Schema: public; Owner: admin@email.com
--

INSERT INTO public.message_thread (thread_id, listing_id, booking_id) VALUES ('1e864ea7-b061-4fcf-804b-cca62495ed22', '50cf6d68-53e5-4a93-88cd-106150254dff', '3b967174-027e-4d36-87a3-7378329b9c79');
INSERT INTO public.message_thread (thread_id, listing_id, booking_id) VALUES ('50fa6211-1e28-4228-b1f7-e6e2aaf32185', '9da4bbc6-7318-43f8-ba1e-375c5fe4c454', '46dbff36-4559-423e-8720-d894ca4721f1');
INSERT INTO public.message_thread (thread_id, listing_id, booking_id) VALUES ('cae12515-03ff-4f0c-adae-b60457c17266', '507f6d0b-260f-43c3-805d-5e94e88704ad', 'a6c02650-d664-413a-a96c-b5adccb4b068');
INSERT INTO public.message_thread (thread_id, listing_id, booking_id) VALUES ('e10038a1-2300-4055-b7c4-6f2dc2d9a56a', 'c6f22751-cfed-4406-a9ff-c924e0dba76b', '834fd5d4-d440-4df7-9969-2c3a5e6e4e6f');
INSERT INTO public.message_thread (thread_id, listing_id, booking_id) VALUES ('9aeeb348-71b1-4b00-b665-1b88b77fadb7', 'c005af8b-1ed0-4024-a3b2-2a982b5ab623', '299cf381-8605-418c-a869-a2ee003602a4');
INSERT INTO public.message_thread (thread_id, listing_id, booking_id) VALUES ('20a09a0c-e2f7-466c-9a5d-bff42b56865d', '490d93a3-01d0-42f0-bdf7-f1e03a414142', '9bd80c86-8e04-4896-8679-dc6d34ab8f9f');
INSERT INTO public.message_thread (thread_id, listing_id, booking_id) VALUES ('d7d15c61-9a76-4d72-a1ef-bc5cbf79cecf', '065c1c7d-e745-482f-a139-0ad42bf7891f', '9ff14b0f-de80-4637-8cb4-52e94b084a21');
INSERT INTO public.message_thread (thread_id, listing_id, booking_id) VALUES ('a9cb657a-6044-4b64-91d5-3bfda460dab4', 'e235369f-d289-4a01-8825-b5dc6a29de3e', 'a2f86091-fe6c-4678-aacc-4cc95004950d');
INSERT INTO public.message_thread (thread_id, listing_id, booking_id) VALUES ('e3e6498d-b1f6-4f5c-a5c8-b0d588259aef', '0e155bb8-341a-431b-80a6-3a6dac7fb2dc', '522cd873-670c-4da6-8768-2aa90451e2a0');
INSERT INTO public.message_thread (thread_id, listing_id, booking_id) VALUES ('b759fe8a-ee8b-4d17-af9d-52b591cf5279', '09573caf-3611-446c-ba83-e3f22f011c8f', '7626978c-8f7a-45ca-9ccb-98b4f17b7639');
INSERT INTO public.message_thread (thread_id, listing_id, booking_id) VALUES ('da2d86d5-c57d-4264-a5b7-175680ad3252', 'f6f5a641-00db-4f08-8c1b-f9f717c65a48', '25bdac77-ec52-4217-97d0-fb6cdb88561d');
INSERT INTO public.message_thread (thread_id, listing_id, booking_id) VALUES ('51ff2bed-62d5-420e-92aa-225fae5fccb0', '83681752-50c2-44dc-937f-f1c23f32c6a8', '923eebf1-4745-4c0f-830f-3207e0ea327f');
INSERT INTO public.message_thread (thread_id, listing_id, booking_id) VALUES ('8abb77c8-8b2f-47ba-9dea-c70e20410cf8', 'b912aa1f-0cef-448a-9ef0-dc1f176384d3', '1dc277cb-229d-4818-ad43-4a252328b4f1');
INSERT INTO public.message_thread (thread_id, listing_id, booking_id) VALUES ('b6895171-6c5f-4708-9081-80eee37e41ed', '1ebd3b20-20b1-46c0-9ada-487a0c891d32', '2484a21f-3630-428a-9619-40bc53f9f691');
INSERT INTO public.message_thread (thread_id, listing_id, booking_id) VALUES ('04a292af-2e41-4992-b41c-3754a66d9828', '45c1e23f-78e6-4942-bacf-e806e9715d35', 'ec4a3039-edd6-4de3-876f-21373f2b52ce');
INSERT INTO public.message_thread (thread_id, listing_id, booking_id) VALUES ('8e0dfd96-b48a-4380-b4f9-447029585279', 'c8ebe1cb-8a6e-46cf-ad56-0556cdd2e74d', 'fb32525c-66fa-474a-b1a7-543b161e7a55');
INSERT INTO public.message_thread (thread_id, listing_id, booking_id) VALUES ('65cf2968-1e02-4eab-aa37-2a4a29643964', '10bf1f73-ddd0-43ad-9261-4e6461df2c69', '4c8ed9be-0496-4805-9596-dc59bf5fa372');
INSERT INTO public.message_thread (thread_id, listing_id, booking_id) VALUES ('378d303b-805f-41ee-9712-76348fe495ac', '5897fd5b-1ff0-40d5-8847-ad26ba980c73', '47eb4a49-fcda-4999-ade9-0bfbc3704e18');
INSERT INTO public.message_thread (thread_id, listing_id, booking_id) VALUES ('03e6e907-24b5-4d1c-af50-122ac4356a48', '481a06f5-c5d6-4f5e-9c0a-722e30fd9380', '0ab036e6-f812-4f51-a981-d93c002ecc44');
INSERT INTO public.message_thread (thread_id, listing_id, booking_id) VALUES ('da9c6250-a546-48b0-b764-028a1802370a', 'a6f0ae97-50dd-4641-a610-28a5d2ea78a6', 'd1cc3377-003b-45a8-adc7-8d5be6947fcc');


--
-- Data for Name: message; Type: TABLE DATA; Schema: public; Owner: admin@email.com
--

INSERT INTO public.message (message_id, thread_id, sender_user_id, body, sent_at) VALUES ('b9d9ee6c-fb52-4600-9a0b-d2a9d871ae34', '1e864ea7-b061-4fcf-804b-cca62495ed22', 'e6c615da-c738-4821-a255-e9a1d875407e', 'Vielen Dank, ich freue mich auf den Aufenthalt.', '2026-01-22 18:30:00+00');
INSERT INTO public.message (message_id, thread_id, sender_user_id, body, sent_at) VALUES ('acd828d1-d2a3-408d-8cee-f3460c412ae2', '1e864ea7-b061-4fcf-804b-cca62495ed22', 'e5dd1972-3ad3-44ba-b637-4b4f33a35ea6', 'Vielen Dank, ich freue mich auf den Aufenthalt.', '2026-01-23 09:15:00+00');
INSERT INTO public.message (message_id, thread_id, sender_user_id, body, sent_at) VALUES ('03882f39-545a-454d-a52e-5c2710a34608', '50fa6211-1e28-4228-b1f7-e6e2aaf32185', '6f5b7389-37e9-4beb-a9fb-eece23b25620', 'Perfekt, ich habe alle Informationen erhalten.', '2026-01-25 18:30:00+00');
INSERT INTO public.message (message_id, thread_id, sender_user_id, body, sent_at) VALUES ('2dd2f1ba-7632-428e-9b5e-7cac7fd0f6c5', '50fa6211-1e28-4228-b1f7-e6e2aaf32185', 'd350b8c0-e651-4fca-83e0-a260c37ab713', 'Perfekt, ich habe alle Informationen erhalten.', '2026-01-26 09:15:00+00');
INSERT INTO public.message (message_id, thread_id, sender_user_id, body, sent_at) VALUES ('d317787c-ef63-4dfe-8de6-a66049943b42', 'cae12515-03ff-4f0c-adae-b60457c17266', 'd46b5356-6705-4c77-a399-3fa7194a2c7c', 'Hallo, ist die Unterkunft für die genannten Daten verfügbar?', '2026-01-28 18:30:00+00');
INSERT INTO public.message (message_id, thread_id, sender_user_id, body, sent_at) VALUES ('275f28a8-9678-40ec-8ce3-60853671909f', 'cae12515-03ff-4f0c-adae-b60457c17266', '944ef47b-4cf2-4f37-95ee-858e2ced0813', 'Hallo, ist die Unterkunft für die genannten Daten verfügbar?', '2026-01-29 09:15:00+00');
INSERT INTO public.message (message_id, thread_id, sender_user_id, body, sent_at) VALUES ('fa5473a2-9c49-48a8-bff6-0a2666a33a39', 'e10038a1-2300-4055-b7c4-6f2dc2d9a56a', '930d2be9-94cc-4e37-9613-839a55b96f56', 'Hallo, ist die Unterkunft für die genannten Daten verfügbar?', '2026-01-31 18:30:00+00');
INSERT INTO public.message (message_id, thread_id, sender_user_id, body, sent_at) VALUES ('b3549f2b-f37e-4bb8-9caa-a921bbd6a67e', 'e10038a1-2300-4055-b7c4-6f2dc2d9a56a', '31fe1245-62ce-4085-8e37-90148aead1f4', 'Können wir den Check-in kurz abstimmen?', '2026-02-01 09:15:00+00');
INSERT INTO public.message (message_id, thread_id, sender_user_id, body, sent_at) VALUES ('559119fb-142e-40a4-9921-52600f4c5e9f', '9aeeb348-71b1-4b00-b665-1b88b77fadb7', '2fa62016-d8ae-4c9c-a3fa-62f8b75bd1af', 'Perfekt, ich habe alle Informationen erhalten.', '2026-02-03 18:30:00+00');
INSERT INTO public.message (message_id, thread_id, sender_user_id, body, sent_at) VALUES ('5a8dd7e4-0e28-4640-b1aa-6d1c0f015f6f', '9aeeb348-71b1-4b00-b665-1b88b77fadb7', 'bb80d9bb-f4fa-4832-957c-d8607c859c17', 'Hallo, ist die Unterkunft für die genannten Daten verfügbar?', '2026-02-04 09:15:00+00');
INSERT INTO public.message (message_id, thread_id, sender_user_id, body, sent_at) VALUES ('46f2ef7e-d88c-4ccb-8c3f-e93c9ae92a5a', '20a09a0c-e2f7-466c-9a5d-bff42b56865d', 'ae9be802-8d49-4f92-9ac8-6e83034b1846', 'Hola, ¿la vivienda está disponible para esas fechas?', '2026-02-06 18:30:00+00');
INSERT INTO public.message (message_id, thread_id, sender_user_id, body, sent_at) VALUES ('4c7d122a-6695-450c-9268-a0d90c2ee7b5', '20a09a0c-e2f7-466c-9a5d-bff42b56865d', 'd6c79e69-c6b5-4744-9594-c6ac899f1f6d', '¿Podemos coordinar el check-in por favor?', '2026-02-07 09:15:00+00');
INSERT INTO public.message (message_id, thread_id, sender_user_id, body, sent_at) VALUES ('4733f926-f729-49d4-87d1-ad251872e849', 'd7d15c61-9a76-4d72-a1ef-bc5cbf79cecf', '296900cc-52f8-4e04-b191-3183108b18a3', 'Können wir den Check-in kurz abstimmen?', '2026-02-09 18:30:00+00');
INSERT INTO public.message (message_id, thread_id, sender_user_id, body, sent_at) VALUES ('a1025cc5-e774-448b-8406-07e8f5d1d948', 'd7d15c61-9a76-4d72-a1ef-bc5cbf79cecf', '1dd4913e-12f4-41cc-9db7-193b1d6fe4f0', 'Vielen Dank, ich freue mich auf den Aufenthalt.', '2026-02-10 09:15:00+00');
INSERT INTO public.message (message_id, thread_id, sender_user_id, body, sent_at) VALUES ('a1530183-4c94-42ed-8711-f64de64e91c9', 'a9cb657a-6044-4b64-91d5-3bfda460dab4', '769027f7-3ab5-4493-ada1-25da8bbe938e', 'Perfecto, ya tengo toda la información.', '2026-02-12 18:30:00+00');
INSERT INTO public.message (message_id, thread_id, sender_user_id, body, sent_at) VALUES ('8283c73a-0e84-47d8-8701-fd588450c9cf', 'a9cb657a-6044-4b64-91d5-3bfda460dab4', '40bc2369-abfb-4f50-ab74-136beeed0e7e', 'Hallo, ist die Unterkunft für die genannten Daten verfügbar?', '2026-02-13 09:15:00+00');
INSERT INTO public.message (message_id, thread_id, sender_user_id, body, sent_at) VALUES ('9437bfb1-fbc9-4250-ad73-a08e936e7a82', 'e3e6498d-b1f6-4f5c-a5c8-b0d588259aef', '6111c133-b6b8-41f8-bb62-f0f51145ff0f', 'Können wir den Check-in kurz abstimmen?', '2026-02-15 18:30:00+00');
INSERT INTO public.message (message_id, thread_id, sender_user_id, body, sent_at) VALUES ('c2e7e327-1ce0-45f4-b50a-6f25023c3ce1', 'e3e6498d-b1f6-4f5c-a5c8-b0d588259aef', 'e5dd1972-3ad3-44ba-b637-4b4f33a35ea6', 'Vielen Dank, ich freue mich auf den Aufenthalt.', '2026-02-16 09:15:00+00');
INSERT INTO public.message (message_id, thread_id, sender_user_id, body, sent_at) VALUES ('e8b2e6dd-1d8d-4bc9-b842-5e3ca9e45f71', 'b759fe8a-ee8b-4d17-af9d-52b591cf5279', '812a4f1c-03e8-4744-8806-dd2b284258cd', 'Hallo, ist die Unterkunft für die genannten Daten verfügbar?', '2026-02-18 18:30:00+00');
INSERT INTO public.message (message_id, thread_id, sender_user_id, body, sent_at) VALUES ('bac2f293-125c-4879-bb8d-b03cd39de966', 'b759fe8a-ee8b-4d17-af9d-52b591cf5279', 'd350b8c0-e651-4fca-83e0-a260c37ab713', 'Hallo, ist die Unterkunft für die genannten Daten verfügbar?', '2026-02-19 09:15:00+00');
INSERT INTO public.message (message_id, thread_id, sender_user_id, body, sent_at) VALUES ('02cc6b0d-04ff-4c1a-9f76-bcbff46db323', 'da2d86d5-c57d-4264-a5b7-175680ad3252', 'e6c615da-c738-4821-a255-e9a1d875407e', 'Vielen Dank, ich freue mich auf den Aufenthalt.', '2026-02-21 18:30:00+00');
INSERT INTO public.message (message_id, thread_id, sender_user_id, body, sent_at) VALUES ('775be39c-e002-4d9e-a25b-63b2b06fa1c9', 'da2d86d5-c57d-4264-a5b7-175680ad3252', '944ef47b-4cf2-4f37-95ee-858e2ced0813', 'Vielen Dank, ich freue mich auf den Aufenthalt.', '2026-02-22 09:15:00+00');
INSERT INTO public.message (message_id, thread_id, sender_user_id, body, sent_at) VALUES ('fa48728a-1876-4d39-92db-806fd4783d30', '51ff2bed-62d5-420e-92aa-225fae5fccb0', '6f5b7389-37e9-4beb-a9fb-eece23b25620', 'Können wir den Check-in kurz abstimmen?', '2026-02-24 18:30:00+00');
INSERT INTO public.message (message_id, thread_id, sender_user_id, body, sent_at) VALUES ('d19b41e1-d9d0-428a-9372-804843227d9d', '51ff2bed-62d5-420e-92aa-225fae5fccb0', '31fe1245-62ce-4085-8e37-90148aead1f4', 'Perfekt, ich habe alle Informationen erhalten.', '2026-02-25 09:15:00+00');
INSERT INTO public.message (message_id, thread_id, sender_user_id, body, sent_at) VALUES ('fdad4b08-1df2-4114-90bf-b5206dd82875', '8abb77c8-8b2f-47ba-9dea-c70e20410cf8', 'd46b5356-6705-4c77-a399-3fa7194a2c7c', 'Können wir den Check-in kurz abstimmen?', '2026-02-27 18:30:00+00');
INSERT INTO public.message (message_id, thread_id, sender_user_id, body, sent_at) VALUES ('16cfa80e-aec9-4fcd-962b-e0a8667ed83b', '8abb77c8-8b2f-47ba-9dea-c70e20410cf8', 'bb80d9bb-f4fa-4832-957c-d8607c859c17', 'Perfekt, ich habe alle Informationen erhalten.', '2026-02-28 09:15:00+00');
INSERT INTO public.message (message_id, thread_id, sender_user_id, body, sent_at) VALUES ('6aa43ee6-5026-41d2-8b09-955c8a46ef21', 'b6895171-6c5f-4708-9081-80eee37e41ed', '930d2be9-94cc-4e37-9613-839a55b96f56', 'Perfekt, ich habe alle Informationen erhalten.', '2026-03-02 18:30:00+00');
INSERT INTO public.message (message_id, thread_id, sender_user_id, body, sent_at) VALUES ('3a2d5b20-44a8-4d1e-8e1a-7290d3fb2a2d', 'b6895171-6c5f-4708-9081-80eee37e41ed', 'd6c79e69-c6b5-4744-9594-c6ac899f1f6d', 'Hola, ¿la vivienda está disponible para esas fechas?', '2026-03-03 09:15:00+00');
INSERT INTO public.message (message_id, thread_id, sender_user_id, body, sent_at) VALUES ('3710ed6d-9c58-422c-a058-97a2d7422f3d', '04a292af-2e41-4992-b41c-3754a66d9828', '2fa62016-d8ae-4c9c-a3fa-62f8b75bd1af', 'Hallo, ist die Unterkunft für die genannten Daten verfügbar?', '2026-03-05 18:30:00+00');
INSERT INTO public.message (message_id, thread_id, sender_user_id, body, sent_at) VALUES ('49d14828-e353-4e10-a882-ce383663fe08', '04a292af-2e41-4992-b41c-3754a66d9828', '1dd4913e-12f4-41cc-9db7-193b1d6fe4f0', 'Können wir den Check-in kurz abstimmen?', '2026-03-06 09:15:00+00');
INSERT INTO public.message (message_id, thread_id, sender_user_id, body, sent_at) VALUES ('3827cfdc-6faf-4056-ae5b-0552b49ccc2f', '8e0dfd96-b48a-4380-b4f9-447029585279', 'ae9be802-8d49-4f92-9ac8-6e83034b1846', 'Muchas gracias, quedo atento a la confirmación.', '2026-03-08 18:30:00+00');
INSERT INTO public.message (message_id, thread_id, sender_user_id, body, sent_at) VALUES ('3040cc1e-9b4c-4c4c-a1b7-9693ab4a0197', '8e0dfd96-b48a-4380-b4f9-447029585279', '40bc2369-abfb-4f50-ab74-136beeed0e7e', 'Hallo, ist die Unterkunft für die genannten Daten verfügbar?', '2026-03-09 09:15:00+00');
INSERT INTO public.message (message_id, thread_id, sender_user_id, body, sent_at) VALUES ('15d0ef3d-55e0-41f1-8724-1e34d0f55ad5', '65cf2968-1e02-4eab-aa37-2a4a29643964', '296900cc-52f8-4e04-b191-3183108b18a3', 'Vielen Dank, ich freue mich auf den Aufenthalt.', '2026-03-11 18:30:00+00');
INSERT INTO public.message (message_id, thread_id, sender_user_id, body, sent_at) VALUES ('6d4eb0ef-a1a3-4a01-b2b8-5eb1b2b9d4fa', '65cf2968-1e02-4eab-aa37-2a4a29643964', 'e5dd1972-3ad3-44ba-b637-4b4f33a35ea6', 'Hallo, ist die Unterkunft für die genannten Daten verfügbar?', '2026-03-12 09:15:00+00');
INSERT INTO public.message (message_id, thread_id, sender_user_id, body, sent_at) VALUES ('b4971274-aed0-4ff4-9a6e-c79ba30e00a5', '378d303b-805f-41ee-9712-76348fe495ac', '769027f7-3ab5-4493-ada1-25da8bbe938e', 'Hola, ¿la vivienda está disponible para esas fechas?', '2026-03-14 18:30:00+00');
INSERT INTO public.message (message_id, thread_id, sender_user_id, body, sent_at) VALUES ('fd085ac4-7821-428f-9796-20b34f341326', '378d303b-805f-41ee-9712-76348fe495ac', 'd350b8c0-e651-4fca-83e0-a260c37ab713', 'Vielen Dank, ich freue mich auf den Aufenthalt.', '2026-03-15 09:15:00+00');
INSERT INTO public.message (message_id, thread_id, sender_user_id, body, sent_at) VALUES ('51b0f134-ca51-4097-abc1-474f94771bdc', '03e6e907-24b5-4d1c-af50-122ac4356a48', '6111c133-b6b8-41f8-bb62-f0f51145ff0f', 'Vielen Dank, ich freue mich auf den Aufenthalt.', '2026-03-17 18:30:00+00');
INSERT INTO public.message (message_id, thread_id, sender_user_id, body, sent_at) VALUES ('fbdf6a41-7dc6-4a46-8bb5-0dbe35315a7c', '03e6e907-24b5-4d1c-af50-122ac4356a48', '944ef47b-4cf2-4f37-95ee-858e2ced0813', 'Vielen Dank, ich freue mich auf den Aufenthalt.', '2026-03-18 09:15:00+00');
INSERT INTO public.message (message_id, thread_id, sender_user_id, body, sent_at) VALUES ('92d4c1d1-0526-49ee-a959-d136cbf7dfc5', 'da9c6250-a546-48b0-b764-028a1802370a', '812a4f1c-03e8-4744-8806-dd2b284258cd', 'Perfekt, ich habe alle Informationen erhalten.', '2026-03-20 18:30:00+00');
INSERT INTO public.message (message_id, thread_id, sender_user_id, body, sent_at) VALUES ('d4d6eee6-530b-47da-be12-3a7c84fa7f9c', 'da9c6250-a546-48b0-b764-028a1802370a', '31fe1245-62ce-4085-8e37-90148aead1f4', 'Perfekt, ich habe alle Informationen erhalten.', '2026-03-21 09:15:00+00');


--
-- Data for Name: notification; Type: TABLE DATA; Schema: public; Owner: admin@email.com
--

INSERT INTO public.notification (notification_id, user_id, type, payload, created_at, read_at) VALUES ('9bd40eca-fdfd-43dc-80ab-619064fb47f7', 'e6c615da-c738-4821-a255-e9a1d875407e', 'booking_completed', '{"role": "Guest", "summary": "Completed stay", "booking_id": "3b967174-027e-4d36-87a3-7378329b9c79", "listing_id": "50cf6d68-53e5-4a93-88cd-106150254dff"}', '2026-04-20 12:56:33.708736+00', '2026-04-21 12:56:33.708739+00');
INSERT INTO public.notification (notification_id, user_id, type, payload, created_at, read_at) VALUES ('f567fa3f-a5ee-49a9-8db9-e2499b0afdd0', '6f5b7389-37e9-4beb-a9fb-eece23b25620', 'message_received', '{"role": "Guest", "summary": "New message", "booking_id": "46dbff36-4559-423e-8720-d894ca4721f1", "listing_id": "9da4bbc6-7318-43f8-ba1e-375c5fe4c454"}', '2026-04-19 12:56:33.713847+00', '2026-04-20 12:56:33.713851+00');
INSERT INTO public.notification (notification_id, user_id, type, payload, created_at, read_at) VALUES ('a27c4130-f9a4-4fc7-bdcf-7c2eafd5cdcd', 'd46b5356-6705-4c77-a399-3fa7194a2c7c', 'booking_completed', '{"role": "Guest", "summary": "Completed stay", "booking_id": "a6c02650-d664-413a-a96c-b5adccb4b068", "listing_id": "507f6d0b-260f-43c3-805d-5e94e88704ad"}', '2026-04-18 12:56:33.720158+00', '2026-04-19 12:56:33.720162+00');
INSERT INTO public.notification (notification_id, user_id, type, payload, created_at, read_at) VALUES ('2ce8e4f0-c902-4984-bf58-f4769f32942f', '930d2be9-94cc-4e37-9613-839a55b96f56', 'message_received', '{"role": "Guest", "summary": "New message", "booking_id": "834fd5d4-d440-4df7-9969-2c3a5e6e4e6f", "listing_id": "c6f22751-cfed-4406-a9ff-c924e0dba76b"}', '2026-04-17 12:56:33.724594+00', '2026-04-18 12:56:33.724597+00');
INSERT INTO public.notification (notification_id, user_id, type, payload, created_at, read_at) VALUES ('94e262f4-912c-4731-8585-40bfbc226bc4', '2fa62016-d8ae-4c9c-a3fa-62f8b75bd1af', 'booking_completed', '{"role": "Guest", "summary": "Completed stay", "booking_id": "299cf381-8605-418c-a869-a2ee003602a4", "listing_id": "c005af8b-1ed0-4024-a3b2-2a982b5ab623"}', '2026-04-16 12:56:33.729354+00', '2026-04-17 12:56:33.729357+00');
INSERT INTO public.notification (notification_id, user_id, type, payload, created_at, read_at) VALUES ('9bfbe4f5-48ef-465f-bbdd-8344d4b29864', 'ae9be802-8d49-4f92-9ac8-6e83034b1846', 'message_received', '{"role": "Guest", "summary": "New message", "booking_id": "9bd80c86-8e04-4896-8679-dc6d34ab8f9f", "listing_id": "490d93a3-01d0-42f0-bdf7-f1e03a414142"}', '2026-04-15 12:56:33.734331+00', '2026-04-16 12:56:33.734335+00');
INSERT INTO public.notification (notification_id, user_id, type, payload, created_at, read_at) VALUES ('aa9117be-8a3c-48c5-9af8-cf693dfc68ef', '296900cc-52f8-4e04-b191-3183108b18a3', 'booking_completed', '{"role": "Guest", "summary": "Completed stay", "booking_id": "9ff14b0f-de80-4637-8cb4-52e94b084a21", "listing_id": "065c1c7d-e745-482f-a139-0ad42bf7891f"}', '2026-04-14 12:56:33.739355+00', '2026-04-15 12:56:33.739358+00');
INSERT INTO public.notification (notification_id, user_id, type, payload, created_at, read_at) VALUES ('95f91f3c-5e6f-4987-b8f7-35bf9717518f', '769027f7-3ab5-4493-ada1-25da8bbe938e', 'message_received', '{"role": "Guest", "summary": "New message", "booking_id": "a2f86091-fe6c-4678-aacc-4cc95004950d", "listing_id": "e235369f-d289-4a01-8825-b5dc6a29de3e"}', '2026-04-13 12:56:33.7438+00', '2026-04-14 12:56:33.743804+00');
INSERT INTO public.notification (notification_id, user_id, type, payload, created_at, read_at) VALUES ('c8daafa5-2639-4522-8c85-eb07040ad7a2', '6111c133-b6b8-41f8-bb62-f0f51145ff0f', 'booking_completed', '{"role": "Guest", "summary": "Completed stay", "booking_id": "522cd873-670c-4da6-8768-2aa90451e2a0", "listing_id": "0e155bb8-341a-431b-80a6-3a6dac7fb2dc"}', '2026-04-12 12:56:33.748103+00', '2026-04-13 12:56:33.748107+00');
INSERT INTO public.notification (notification_id, user_id, type, payload, created_at, read_at) VALUES ('062722d3-233c-4781-b8dd-13afa2a8361e', '812a4f1c-03e8-4744-8806-dd2b284258cd', 'message_received', '{"role": "Guest", "summary": "New message", "booking_id": "7626978c-8f7a-45ca-9ccb-98b4f17b7639", "listing_id": "09573caf-3611-446c-ba83-e3f22f011c8f"}', '2026-04-11 12:56:33.752301+00', '2026-04-12 12:56:33.752304+00');
INSERT INTO public.notification (notification_id, user_id, type, payload, created_at, read_at) VALUES ('468dce35-febc-4666-8b0d-5ac37425997e', 'e6c615da-c738-4821-a255-e9a1d875407e', 'booking_completed', '{"role": "Guest", "summary": "Completed stay", "booking_id": "25bdac77-ec52-4217-97d0-fb6cdb88561d", "listing_id": "f6f5a641-00db-4f08-8c1b-f9f717c65a48"}', '2026-04-10 12:56:33.756549+00', '2026-04-11 12:56:33.756552+00');
INSERT INTO public.notification (notification_id, user_id, type, payload, created_at, read_at) VALUES ('b90f37ea-e0da-4050-9aaf-5eb501a68e21', '6f5b7389-37e9-4beb-a9fb-eece23b25620', 'message_received', '{"role": "Guest", "summary": "New message", "booking_id": "923eebf1-4745-4c0f-830f-3207e0ea327f", "listing_id": "83681752-50c2-44dc-937f-f1c23f32c6a8"}', '2026-04-09 12:56:33.761751+00', '2026-04-10 12:56:33.761754+00');
INSERT INTO public.notification (notification_id, user_id, type, payload, created_at, read_at) VALUES ('ac95c5fb-4f4a-4216-bc40-88df4ef09005', 'd46b5356-6705-4c77-a399-3fa7194a2c7c', 'booking_completed', '{"role": "Guest", "summary": "Completed stay", "booking_id": "1dc277cb-229d-4818-ad43-4a252328b4f1", "listing_id": "b912aa1f-0cef-448a-9ef0-dc1f176384d3"}', '2026-04-08 12:56:33.765944+00', '2026-04-09 12:56:33.765947+00');
INSERT INTO public.notification (notification_id, user_id, type, payload, created_at, read_at) VALUES ('1e05d24f-ca7d-41f4-a9eb-3745126dc8a4', '930d2be9-94cc-4e37-9613-839a55b96f56', 'message_received', '{"role": "Guest", "summary": "New message", "booking_id": "2484a21f-3630-428a-9619-40bc53f9f691", "listing_id": "1ebd3b20-20b1-46c0-9ada-487a0c891d32"}', '2026-04-07 12:56:33.770302+00', '2026-04-08 12:56:33.770305+00');
INSERT INTO public.notification (notification_id, user_id, type, payload, created_at, read_at) VALUES ('53668a9b-05c0-4735-aadf-08ea882dad57', '2fa62016-d8ae-4c9c-a3fa-62f8b75bd1af', 'booking_completed', '{"role": "Guest", "summary": "Completed stay", "booking_id": "ec4a3039-edd6-4de3-876f-21373f2b52ce", "listing_id": "45c1e23f-78e6-4942-bacf-e806e9715d35"}', '2026-04-06 12:56:33.774481+00', '2026-04-07 12:56:33.774484+00');
INSERT INTO public.notification (notification_id, user_id, type, payload, created_at, read_at) VALUES ('45b00961-d087-4f0d-90b8-fb0903951281', 'ae9be802-8d49-4f92-9ac8-6e83034b1846', 'message_received', '{"role": "Guest", "summary": "New message", "booking_id": "fb32525c-66fa-474a-b1a7-543b161e7a55", "listing_id": "c8ebe1cb-8a6e-46cf-ad56-0556cdd2e74d"}', '2026-04-05 12:56:33.778655+00', '2026-04-06 12:56:33.778658+00');
INSERT INTO public.notification (notification_id, user_id, type, payload, created_at, read_at) VALUES ('4f5d8bd1-1916-4ac1-a569-538bf642daf3', '296900cc-52f8-4e04-b191-3183108b18a3', 'booking_completed', '{"role": "Guest", "summary": "Completed stay", "booking_id": "4c8ed9be-0496-4805-9596-dc59bf5fa372", "listing_id": "10bf1f73-ddd0-43ad-9261-4e6461df2c69"}', '2026-04-04 12:56:33.782749+00', '2026-04-05 12:56:33.782752+00');
INSERT INTO public.notification (notification_id, user_id, type, payload, created_at, read_at) VALUES ('ff14d25f-03c6-418e-bdcf-2bf2b2407691', '769027f7-3ab5-4493-ada1-25da8bbe938e', 'message_received', '{"role": "Guest", "summary": "New message", "booking_id": "47eb4a49-fcda-4999-ade9-0bfbc3704e18", "listing_id": "5897fd5b-1ff0-40d5-8847-ad26ba980c73"}', '2026-04-03 12:56:33.786981+00', '2026-04-04 12:56:33.786984+00');
INSERT INTO public.notification (notification_id, user_id, type, payload, created_at, read_at) VALUES ('e2b2fa27-d07a-4b89-bf07-cb7bf093ba7d', '6111c133-b6b8-41f8-bb62-f0f51145ff0f', 'booking_completed', '{"role": "Guest", "summary": "Completed stay", "booking_id": "0ab036e6-f812-4f51-a981-d93c002ecc44", "listing_id": "481a06f5-c5d6-4f5e-9c0a-722e30fd9380"}', '2026-04-02 12:56:33.791351+00', '2026-04-03 12:56:33.791354+00');
INSERT INTO public.notification (notification_id, user_id, type, payload, created_at, read_at) VALUES ('0323802d-b89a-4bd3-b37a-e6fef63e39ef', '812a4f1c-03e8-4744-8806-dd2b284258cd', 'message_received', '{"role": "Guest", "summary": "New message", "booking_id": "d1cc3377-003b-45a8-adc7-8d5be6947fcc", "listing_id": "a6f0ae97-50dd-4641-a610-28a5d2ea78a6"}', '2026-04-01 12:56:33.795427+00', '2026-04-02 12:56:33.79543+00');


--
-- Data for Name: payment_transaction; Type: TABLE DATA; Schema: public; Owner: admin@email.com
--

INSERT INTO public.payment_transaction (payment_id, booking_id, txn_type, amount, currency, method, status, occurred_at, updated_at) VALUES ('c6a7d66e-4e08-49b7-912a-5927c8549a00', '3b967174-027e-4d36-87a3-7378329b9c79', 'payment', 528.72, 'EUR', 'card', 'succeeded', '2026-01-22 11:15:00+00', '2026-01-22 11:20:00+00');
INSERT INTO public.payment_transaction (payment_id, booking_id, txn_type, amount, currency, method, status, occurred_at, updated_at) VALUES ('33c1a52e-dbfd-4518-9afb-544f1995bc5f', '46dbff36-4559-423e-8720-d894ca4721f1', 'payment', 371.33, 'EUR', 'wallet', 'succeeded', '2026-01-25 11:15:00+00', '2026-01-25 11:20:00+00');
INSERT INTO public.payment_transaction (payment_id, booking_id, txn_type, amount, currency, method, status, occurred_at, updated_at) VALUES ('4d5a2a7e-486c-4061-a080-a17df568247e', 'a6c02650-d664-413a-a96c-b5adccb4b068', 'payment', 1099.81, 'EUR', 'card', 'succeeded', '2026-01-28 11:15:00+00', '2026-01-28 11:20:00+00');
INSERT INTO public.payment_transaction (payment_id, booking_id, txn_type, amount, currency, method, status, occurred_at, updated_at) VALUES ('3d7170a8-ee00-4659-9f94-7dd4dd7c3a49', '834fd5d4-d440-4df7-9969-2c3a5e6e4e6f', 'payment', 362.98, 'EUR', 'wallet', 'succeeded', '2026-01-31 11:15:00+00', '2026-01-31 11:20:00+00');
INSERT INTO public.payment_transaction (payment_id, booking_id, txn_type, amount, currency, method, status, occurred_at, updated_at) VALUES ('f34f6af8-87cf-4dc3-bc2b-ac6698df7f9c', '299cf381-8605-418c-a869-a2ee003602a4', 'payment', 267.91, 'EUR', 'card', 'succeeded', '2026-02-03 11:15:00+00', '2026-02-03 11:20:00+00');
INSERT INTO public.payment_transaction (payment_id, booking_id, txn_type, amount, currency, method, status, occurred_at, updated_at) VALUES ('e01fc0cd-7aa0-4fa2-be0a-8f971ec33c1d', '9bd80c86-8e04-4896-8679-dc6d34ab8f9f', 'payment', 852.48, 'EUR', 'wallet', 'succeeded', '2026-02-06 11:15:00+00', '2026-02-06 11:20:00+00');
INSERT INTO public.payment_transaction (payment_id, booking_id, txn_type, amount, currency, method, status, occurred_at, updated_at) VALUES ('9834dade-a453-4fda-9652-14debf5c5ec6', '9ff14b0f-de80-4637-8cb4-52e94b084a21', 'payment', 1120.07, 'EUR', 'card', 'succeeded', '2026-02-09 11:15:00+00', '2026-02-09 11:20:00+00');
INSERT INTO public.payment_transaction (payment_id, booking_id, txn_type, amount, currency, method, status, occurred_at, updated_at) VALUES ('8cc084a8-1206-420d-a7d0-6477d11cc0ea', 'a2f86091-fe6c-4678-aacc-4cc95004950d', 'payment', 294.05, 'EUR', 'wallet', 'succeeded', '2026-02-12 11:15:00+00', '2026-02-12 11:20:00+00');
INSERT INTO public.payment_transaction (payment_id, booking_id, txn_type, amount, currency, method, status, occurred_at, updated_at) VALUES ('8d588e17-886e-4518-a89b-135b2f4856d3', '522cd873-670c-4da6-8768-2aa90451e2a0', 'payment', 561.00, 'EUR', 'card', 'succeeded', '2026-02-15 11:15:00+00', '2026-02-15 11:20:00+00');
INSERT INTO public.payment_transaction (payment_id, booking_id, txn_type, amount, currency, method, status, occurred_at, updated_at) VALUES ('64ff8622-0d11-433f-a921-6bd9aeb420eb', '7626978c-8f7a-45ca-9ccb-98b4f17b7639', 'payment', 432.80, 'EUR', 'wallet', 'succeeded', '2026-02-18 11:15:00+00', '2026-02-18 11:20:00+00');
INSERT INTO public.payment_transaction (payment_id, booking_id, txn_type, amount, currency, method, status, occurred_at, updated_at) VALUES ('03d5991d-8937-4ce7-b8c2-316ecb17c674', '25bdac77-ec52-4217-97d0-fb6cdb88561d', 'payment', 1623914.29, 'COP', 'card', 'succeeded', '2026-02-21 11:15:00+00', '2026-02-21 11:20:00+00');
INSERT INTO public.payment_transaction (payment_id, booking_id, txn_type, amount, currency, method, status, occurred_at, updated_at) VALUES ('1485de53-795e-4028-88bc-f907d5cc2822', '923eebf1-4745-4c0f-830f-3207e0ea327f', 'payment', 1226503.04, 'COP', 'wallet', 'succeeded', '2026-02-24 11:15:00+00', '2026-02-24 11:20:00+00');
INSERT INTO public.payment_transaction (payment_id, booking_id, txn_type, amount, currency, method, status, occurred_at, updated_at) VALUES ('f39d8371-ecd0-492f-a204-6432d73ea85f', '1dc277cb-229d-4818-ad43-4a252328b4f1', 'payment', 1624468.21, 'COP', 'card', 'succeeded', '2026-02-27 11:15:00+00', '2026-02-27 11:20:00+00');
INSERT INTO public.payment_transaction (payment_id, booking_id, txn_type, amount, currency, method, status, occurred_at, updated_at) VALUES ('0d9fef6f-453a-4e60-b1ec-9be36dc95305', '2484a21f-3630-428a-9619-40bc53f9f691', 'payment', 1991613.24, 'COP', 'wallet', 'succeeded', '2026-03-02 11:15:00+00', '2026-03-02 11:20:00+00');
INSERT INTO public.payment_transaction (payment_id, booking_id, txn_type, amount, currency, method, status, occurred_at, updated_at) VALUES ('19f79675-0bd1-4e1a-90f0-aeb11fd0cc65', 'ec4a3039-edd6-4de3-876f-21373f2b52ce', 'payment', 1494115.23, 'COP', 'card', 'succeeded', '2026-03-05 11:15:00+00', '2026-03-05 11:20:00+00');
INSERT INTO public.payment_transaction (payment_id, booking_id, txn_type, amount, currency, method, status, occurred_at, updated_at) VALUES ('3d97a0e7-bdab-430c-a08b-d589d4f637cd', 'fb32525c-66fa-474a-b1a7-543b161e7a55', 'payment', 794965.61, 'COP', 'wallet', 'succeeded', '2026-03-08 11:15:00+00', '2026-03-08 11:20:00+00');
INSERT INTO public.payment_transaction (payment_id, booking_id, txn_type, amount, currency, method, status, occurred_at, updated_at) VALUES ('741f116e-1c4d-4313-b396-f5a8ade4586c', '4c8ed9be-0496-4805-9596-dc59bf5fa372', 'payment', 1724136.61, 'COP', 'card', 'succeeded', '2026-03-11 11:15:00+00', '2026-03-11 11:20:00+00');
INSERT INTO public.payment_transaction (payment_id, booking_id, txn_type, amount, currency, method, status, occurred_at, updated_at) VALUES ('2d51b537-3ef9-4240-95c5-b3caf0945012', '47eb4a49-fcda-4999-ade9-0bfbc3704e18', 'payment', 1355282.35, 'COP', 'wallet', 'succeeded', '2026-03-14 11:15:00+00', '2026-03-14 11:20:00+00');
INSERT INTO public.payment_transaction (payment_id, booking_id, txn_type, amount, currency, method, status, occurred_at, updated_at) VALUES ('d1cd7ec0-9211-478b-a789-9530b030ac44', '0ab036e6-f812-4f51-a981-d93c002ecc44', 'payment', 3176390.35, 'COP', 'card', 'succeeded', '2026-03-17 11:15:00+00', '2026-03-17 11:20:00+00');
INSERT INTO public.payment_transaction (payment_id, booking_id, txn_type, amount, currency, method, status, occurred_at, updated_at) VALUES ('6f9ed31e-e454-4f9c-abcf-f1bf288a60fd', 'd1cc3377-003b-45a8-adc7-8d5be6947fcc', 'payment', 784510.23, 'COP', 'wallet', 'succeeded', '2026-03-20 11:15:00+00', '2026-03-20 11:20:00+00');


--
-- Data for Name: payout; Type: TABLE DATA; Schema: public; Owner: admin@email.com
--

INSERT INTO public.payout (payout_id, booking_id, host_id, amount, currency, status, sent_at) VALUES ('a72fa60a-aec7-4bab-a7a4-c687a520b949', '3b967174-027e-4d36-87a3-7378329b9c79', 'e5dd1972-3ad3-44ba-b637-4b4f33a35ea6', 449.41, 'EUR', 'sent', '2026-01-28 14:00:00+00');
INSERT INTO public.payout (payout_id, booking_id, host_id, amount, currency, status, sent_at) VALUES ('3c5fdc93-bc0e-4bcc-bd11-61ac63f483ef', '46dbff36-4559-423e-8720-d894ca4721f1', 'd350b8c0-e651-4fca-83e0-a260c37ab713', 315.63, 'EUR', 'sent', '2026-02-01 14:00:00+00');
INSERT INTO public.payout (payout_id, booking_id, host_id, amount, currency, status, sent_at) VALUES ('08ff7da8-279d-4baf-9763-f155cb76b58b', 'a6c02650-d664-413a-a96c-b5adccb4b068', '944ef47b-4cf2-4f37-95ee-858e2ced0813', 934.84, 'EUR', 'sent', '2026-02-05 14:00:00+00');
INSERT INTO public.payout (payout_id, booking_id, host_id, amount, currency, status, sent_at) VALUES ('63109645-39e1-49a3-9f1a-38352d2a4c6f', '834fd5d4-d440-4df7-9969-2c3a5e6e4e6f', '31fe1245-62ce-4085-8e37-90148aead1f4', 308.53, 'EUR', 'sent', '2026-02-05 14:00:00+00');
INSERT INTO public.payout (payout_id, booking_id, host_id, amount, currency, status, sent_at) VALUES ('c57e14dc-789c-4304-a112-2e83fac32a02', '299cf381-8605-418c-a869-a2ee003602a4', 'bb80d9bb-f4fa-4832-957c-d8607c859c17', 227.72, 'EUR', 'sent', '2026-02-09 14:00:00+00');
INSERT INTO public.payout (payout_id, booking_id, host_id, amount, currency, status, sent_at) VALUES ('4843628d-bb69-4b0d-be81-cb0f7299f67a', '9bd80c86-8e04-4896-8679-dc6d34ab8f9f', 'd6c79e69-c6b5-4744-9594-c6ac899f1f6d', 724.61, 'EUR', 'sent', '2026-02-13 14:00:00+00');
INSERT INTO public.payout (payout_id, booking_id, host_id, amount, currency, status, sent_at) VALUES ('ced7c8ff-84fd-4593-821f-b1a27fb4a162', '9ff14b0f-de80-4637-8cb4-52e94b084a21', '1dd4913e-12f4-41cc-9db7-193b1d6fe4f0', 952.06, 'EUR', 'sent', '2026-02-17 14:00:00+00');
INSERT INTO public.payout (payout_id, booking_id, host_id, amount, currency, status, sent_at) VALUES ('6f6c6438-3684-4612-8bf7-bb365bfe6890', 'a2f86091-fe6c-4678-aacc-4cc95004950d', '40bc2369-abfb-4f50-ab74-136beeed0e7e', 249.94, 'EUR', 'sent', '2026-02-17 14:00:00+00');
INSERT INTO public.payout (payout_id, booking_id, host_id, amount, currency, status, sent_at) VALUES ('0ec7900b-b922-49f6-9059-a354ea18565c', '522cd873-670c-4da6-8768-2aa90451e2a0', 'e5dd1972-3ad3-44ba-b637-4b4f33a35ea6', 476.85, 'EUR', 'sent', '2026-02-21 14:00:00+00');
INSERT INTO public.payout (payout_id, booking_id, host_id, amount, currency, status, sent_at) VALUES ('1b7f264c-cfa9-4098-a1bd-4ede9d7d3976', '7626978c-8f7a-45ca-9ccb-98b4f17b7639', 'd350b8c0-e651-4fca-83e0-a260c37ab713', 367.88, 'EUR', 'sent', '2026-02-25 14:00:00+00');
INSERT INTO public.payout (payout_id, booking_id, host_id, amount, currency, status, sent_at) VALUES ('66ba251f-b788-4e34-93bf-80cb2a9e67bf', '25bdac77-ec52-4217-97d0-fb6cdb88561d', '944ef47b-4cf2-4f37-95ee-858e2ced0813', 1380327.15, 'COP', 'sent', '2026-03-01 14:00:00+00');
INSERT INTO public.payout (payout_id, booking_id, host_id, amount, currency, status, sent_at) VALUES ('cc913188-bd0b-4ef9-b874-4a2d18e74814', '923eebf1-4745-4c0f-830f-3207e0ea327f', '31fe1245-62ce-4085-8e37-90148aead1f4', 1042527.58, 'COP', 'sent', '2026-03-01 14:00:00+00');
INSERT INTO public.payout (payout_id, booking_id, host_id, amount, currency, status, sent_at) VALUES ('75398f51-93c3-4768-bd0e-56df85202299', '1dc277cb-229d-4818-ad43-4a252328b4f1', 'bb80d9bb-f4fa-4832-957c-d8607c859c17', 1380797.98, 'COP', 'sent', '2026-03-05 14:00:00+00');
INSERT INTO public.payout (payout_id, booking_id, host_id, amount, currency, status, sent_at) VALUES ('7800034b-711b-4efd-9cfa-36480683a412', '2484a21f-3630-428a-9619-40bc53f9f691', 'd6c79e69-c6b5-4744-9594-c6ac899f1f6d', 1692871.25, 'COP', 'sent', '2026-03-09 14:00:00+00');
INSERT INTO public.payout (payout_id, booking_id, host_id, amount, currency, status, sent_at) VALUES ('3ca3b3c9-d4a6-4d6d-bed9-7afd2aef802b', 'ec4a3039-edd6-4de3-876f-21373f2b52ce', '1dd4913e-12f4-41cc-9db7-193b1d6fe4f0', 1269997.95, 'COP', 'sent', '2026-03-13 14:00:00+00');
INSERT INTO public.payout (payout_id, booking_id, host_id, amount, currency, status, sent_at) VALUES ('42c82afd-6403-4064-938a-92d973c83d55', 'fb32525c-66fa-474a-b1a7-543b161e7a55', '40bc2369-abfb-4f50-ab74-136beeed0e7e', 675720.77, 'COP', 'sent', '2026-03-13 14:00:00+00');
INSERT INTO public.payout (payout_id, booking_id, host_id, amount, currency, status, sent_at) VALUES ('b16943b2-e98e-4865-a5f1-530a5724c246', '4c8ed9be-0496-4805-9596-dc59bf5fa372', 'e5dd1972-3ad3-44ba-b637-4b4f33a35ea6', 1465516.12, 'COP', 'sent', '2026-03-17 14:00:00+00');
INSERT INTO public.payout (payout_id, booking_id, host_id, amount, currency, status, sent_at) VALUES ('9e7617b4-c655-4f7d-a04f-0d28ccb8583d', '47eb4a49-fcda-4999-ade9-0bfbc3704e18', 'd350b8c0-e651-4fca-83e0-a260c37ab713', 1151990.00, 'COP', 'sent', '2026-03-21 14:00:00+00');
INSERT INTO public.payout (payout_id, booking_id, host_id, amount, currency, status, sent_at) VALUES ('47250708-1f7b-4ffa-95ce-7b7fcb8624be', '0ab036e6-f812-4f51-a981-d93c002ecc44', '944ef47b-4cf2-4f37-95ee-858e2ced0813', 2699931.80, 'COP', 'sent', '2026-03-25 14:00:00+00');
INSERT INTO public.payout (payout_id, booking_id, host_id, amount, currency, status, sent_at) VALUES ('7777632f-f0c8-435d-9806-51f00ecd5775', 'd1cc3377-003b-45a8-adc7-8d5be6947fcc', '31fe1245-62ce-4085-8e37-90148aead1f4', 666833.70, 'COP', 'sent', '2026-03-25 14:00:00+00');


--
-- Data for Name: referral; Type: TABLE DATA; Schema: public; Owner: admin@email.com
--

INSERT INTO public.referral (referral_id, referrer_user_id, referee_user_id, created_at) VALUES ('c97e77b0-1648-40df-a19c-3c8e2987220e', 'e6c615da-c738-4821-a255-e9a1d875407e', '31fe1245-62ce-4085-8e37-90148aead1f4', '2026-04-20 12:56:33.687888+00');
INSERT INTO public.referral (referral_id, referrer_user_id, referee_user_id, created_at) VALUES ('94507b9b-bc6b-47ed-bd30-2c666cd4a688', 'e6c615da-c738-4821-a255-e9a1d875407e', '8a3304b0-e792-4104-8e1e-a9f4b4d61e50', '2026-04-19 12:56:33.689073+00');
INSERT INTO public.referral (referral_id, referrer_user_id, referee_user_id, created_at) VALUES ('596f1696-3f3c-46b6-90dd-ec1d39f33991', 'e5dd1972-3ad3-44ba-b637-4b4f33a35ea6', '8a3304b0-e792-4104-8e1e-a9f4b4d61e50', '2026-04-19 12:56:33.689813+00');
INSERT INTO public.referral (referral_id, referrer_user_id, referee_user_id, created_at) VALUES ('877a7419-658f-4bf7-ab9e-133a627c7f3b', 'e5dd1972-3ad3-44ba-b637-4b4f33a35ea6', '296900cc-52f8-4e04-b191-3183108b18a3', '2026-04-18 12:56:33.690599+00');
INSERT INTO public.referral (referral_id, referrer_user_id, referee_user_id, created_at) VALUES ('57d8c67d-1022-4f64-a2fe-08b0037d4d8f', '4c452305-cad1-4f02-a319-3ee53056b285', '296900cc-52f8-4e04-b191-3183108b18a3', '2026-04-18 12:56:33.691327+00');
INSERT INTO public.referral (referral_id, referrer_user_id, referee_user_id, created_at) VALUES ('7166038b-afdb-4f1c-a18a-0544932263f3', '4c452305-cad1-4f02-a319-3ee53056b285', 'bb80d9bb-f4fa-4832-957c-d8607c859c17', '2026-04-17 12:56:33.692285+00');
INSERT INTO public.referral (referral_id, referrer_user_id, referee_user_id, created_at) VALUES ('df3b974d-6543-4573-a187-02ec8a19e21f', '6f5b7389-37e9-4beb-a9fb-eece23b25620', 'bb80d9bb-f4fa-4832-957c-d8607c859c17', '2026-04-17 12:56:33.693579+00');
INSERT INTO public.referral (referral_id, referrer_user_id, referee_user_id, created_at) VALUES ('ab379dcb-bf1d-4fda-9150-01c72f6da456', '6f5b7389-37e9-4beb-a9fb-eece23b25620', 'd6c79e69-c6b5-4744-9594-c6ac899f1f6d', '2026-04-16 12:56:33.694247+00');
INSERT INTO public.referral (referral_id, referrer_user_id, referee_user_id, created_at) VALUES ('4983dca2-8470-4500-af11-3a52814490b5', 'd350b8c0-e651-4fca-83e0-a260c37ab713', 'd6c79e69-c6b5-4744-9594-c6ac899f1f6d', '2026-04-16 12:56:33.694921+00');
INSERT INTO public.referral (referral_id, referrer_user_id, referee_user_id, created_at) VALUES ('6f2e6f2a-7baa-4827-b599-b5d0160c7ffb', 'd350b8c0-e651-4fca-83e0-a260c37ab713', '769027f7-3ab5-4493-ada1-25da8bbe938e', '2026-04-15 12:56:33.695584+00');
INSERT INTO public.referral (referral_id, referrer_user_id, referee_user_id, created_at) VALUES ('7c82cd91-7ff6-42f8-8a11-a916e16a0372', 'd46b5356-6705-4c77-a399-3fa7194a2c7c', '769027f7-3ab5-4493-ada1-25da8bbe938e', '2026-04-15 12:56:33.696248+00');
INSERT INTO public.referral (referral_id, referrer_user_id, referee_user_id, created_at) VALUES ('29b52cd5-ccf5-4f1e-a12c-21ddec8ca3ca', 'd46b5356-6705-4c77-a399-3fa7194a2c7c', '6111c133-b6b8-41f8-bb62-f0f51145ff0f', '2026-04-14 12:56:33.69691+00');
INSERT INTO public.referral (referral_id, referrer_user_id, referee_user_id, created_at) VALUES ('8333d5d9-9770-48c2-89b9-cd162ddd5adc', '930d2be9-94cc-4e37-9613-839a55b96f56', '6111c133-b6b8-41f8-bb62-f0f51145ff0f', '2026-04-14 12:56:33.697567+00');
INSERT INTO public.referral (referral_id, referrer_user_id, referee_user_id, created_at) VALUES ('636f7eb1-80e6-46f6-bfe7-b53cc0813760', '930d2be9-94cc-4e37-9613-839a55b96f56', '812a4f1c-03e8-4744-8806-dd2b284258cd', '2026-04-13 12:56:33.698218+00');
INSERT INTO public.referral (referral_id, referrer_user_id, referee_user_id, created_at) VALUES ('7bd4c087-d7af-4e46-8077-35dc88e8ca29', '2fa62016-d8ae-4c9c-a3fa-62f8b75bd1af', '812a4f1c-03e8-4744-8806-dd2b284258cd', '2026-04-13 12:56:33.698935+00');
INSERT INTO public.referral (referral_id, referrer_user_id, referee_user_id, created_at) VALUES ('931dc959-a1f7-41e8-af73-9d38c885df37', '2fa62016-d8ae-4c9c-a3fa-62f8b75bd1af', '1dd4913e-12f4-41cc-9db7-193b1d6fe4f0', '2026-04-12 12:56:33.699598+00');
INSERT INTO public.referral (referral_id, referrer_user_id, referee_user_id, created_at) VALUES ('175188fe-8074-4787-a23b-19760b8ae0b4', '944ef47b-4cf2-4f37-95ee-858e2ced0813', '1dd4913e-12f4-41cc-9db7-193b1d6fe4f0', '2026-04-12 12:56:33.700376+00');
INSERT INTO public.referral (referral_id, referrer_user_id, referee_user_id, created_at) VALUES ('7ef68166-a935-4949-88fb-976ed882e0da', '944ef47b-4cf2-4f37-95ee-858e2ced0813', '40bc2369-abfb-4f50-ab74-136beeed0e7e', '2026-04-11 12:56:33.70104+00');
INSERT INTO public.referral (referral_id, referrer_user_id, referee_user_id, created_at) VALUES ('3b11072a-5cae-40fc-8288-4a2e6359bddf', 'ae9be802-8d49-4f92-9ac8-6e83034b1846', '40bc2369-abfb-4f50-ab74-136beeed0e7e', '2026-04-11 12:56:33.701711+00');
INSERT INTO public.referral (referral_id, referrer_user_id, referee_user_id, created_at) VALUES ('5cf99b8e-8bb9-49a7-974e-814efe221613', 'ae9be802-8d49-4f92-9ac8-6e83034b1846', '31fe1245-62ce-4085-8e37-90148aead1f4', '2026-04-10 12:56:33.702407+00');


--
-- Data for Name: review; Type: TABLE DATA; Schema: public; Owner: admin@email.com
--

INSERT INTO public.review (review_id, booking_id, reviewer_user_id, reviewee_user_id, rating, title, body, created_at) VALUES ('ca5b206b-37e6-4f9d-89f4-2c0232397383', '3b967174-027e-4d36-87a3-7378329b9c79', 'e6c615da-c738-4821-a255-e9a1d875407e', 'e5dd1972-3ad3-44ba-b637-4b4f33a35ea6', 5, 'Empfehlenswert', 'Schiff Lehrerin Name fehlen packen kochen rund weg Kopf für merken bekommen wissen zurück Geburtstag Wort schlecht klein gegen.', '2026-01-27 13:00:00+00');
INSERT INTO public.review (review_id, booking_id, reviewer_user_id, reviewee_user_id, rating, title, body, created_at) VALUES ('9c89261f-7ac4-4145-8f7c-7c211aa3fa8a', '3b967174-027e-4d36-87a3-7378329b9c79', 'e5dd1972-3ad3-44ba-b637-4b4f33a35ea6', 'e6c615da-c738-4821-a255-e9a1d875407e', 5, 'Sehr angenehmer Aufenthalt', 'Verlieren Buch Herz halten geben schon an turnen hinter Affe vier springen Zeitung weiter sieben.', '2026-01-27 13:30:00+00');
INSERT INTO public.review (review_id, booking_id, reviewer_user_id, reviewee_user_id, rating, title, body, created_at) VALUES ('05555cfc-d6c9-4ca7-8020-a52d4a3409d4', '46dbff36-4559-423e-8720-d894ca4721f1', '6f5b7389-37e9-4beb-a9fb-eece23b25620', 'd350b8c0-e651-4fca-83e0-a260c37ab713', 5, 'Empfehlenswert', 'Sprechen fast Stück fahren einmal Flasche sofort sonst schicken dein braun oft Arzt.', '2026-01-31 13:00:00+00');
INSERT INTO public.review (review_id, booking_id, reviewer_user_id, reviewee_user_id, rating, title, body, created_at) VALUES ('824bc9e4-376b-4f44-a249-6144170e7341', '46dbff36-4559-423e-8720-d894ca4721f1', 'd350b8c0-e651-4fca-83e0-a260c37ab713', '6f5b7389-37e9-4beb-a9fb-eece23b25620', 5, 'Sauber und komfortabel', 'Apfel Hase dauern weiter gesund ihr er stark vorbei hat leise früh dort Welt wirklich zehn.', '2026-01-31 13:30:00+00');
INSERT INTO public.review (review_id, booking_id, reviewer_user_id, reviewee_user_id, rating, title, body, created_at) VALUES ('c7e74818-7b7b-4e8d-b056-45be3ccd8e33', 'a6c02650-d664-413a-a96c-b5adccb4b068', 'd46b5356-6705-4c77-a399-3fa7194a2c7c', '944ef47b-4cf2-4f37-95ee-858e2ced0813', 4, 'Sauber und komfortabel', 'Sieht gleich dafür wünschen den zehn viel sehen zu zehn suchen hat steigen.', '2026-02-04 13:00:00+00');
INSERT INTO public.review (review_id, booking_id, reviewer_user_id, reviewee_user_id, rating, title, body, created_at) VALUES ('686a80f2-9bb3-448e-9111-5fd5d59daa99', 'a6c02650-d664-413a-a96c-b5adccb4b068', '944ef47b-4cf2-4f37-95ee-858e2ced0813', 'd46b5356-6705-4c77-a399-3fa7194a2c7c', 5, 'Sauber und komfortabel', 'Freude daran Haus sind frei Herz packen heißen.', '2026-02-04 13:30:00+00');
INSERT INTO public.review (review_id, booking_id, reviewer_user_id, reviewee_user_id, rating, title, body, created_at) VALUES ('d38b294b-aabd-44c8-86a8-f543358f7285', '834fd5d4-d440-4df7-9969-2c3a5e6e4e6f', '930d2be9-94cc-4e37-9613-839a55b96f56', '31fe1245-62ce-4085-8e37-90148aead1f4', 5, 'Empfehlenswert', 'Küche ob wirklich gewinnen noch Polizei Opa Kopf schreiben Rad damit Auge.', '2026-02-04 13:00:00+00');
INSERT INTO public.review (review_id, booking_id, reviewer_user_id, reviewee_user_id, rating, title, body, created_at) VALUES ('77f7555d-3d00-459e-8509-bc81fbd76eec', '834fd5d4-d440-4df7-9969-2c3a5e6e4e6f', '31fe1245-62ce-4085-8e37-90148aead1f4', '930d2be9-94cc-4e37-9613-839a55b96f56', 4, 'Tolle Kommunikation', 'Gehen Leben braun warm dazu Kind Sache sie.', '2026-02-04 13:30:00+00');
INSERT INTO public.review (review_id, booking_id, reviewer_user_id, reviewee_user_id, rating, title, body, created_at) VALUES ('ec40d828-a573-400a-bf8d-bc870ca64ec1', '299cf381-8605-418c-a869-a2ee003602a4', '2fa62016-d8ae-4c9c-a3fa-62f8b75bd1af', 'bb80d9bb-f4fa-4832-957c-d8607c859c17', 5, 'Sauber und komfortabel', 'Immer sie die ihr Brief leben hören Woche Apfel heiß kann wo verstecken Brief schlafen Mensch Zimmer halten.', '2026-02-08 13:00:00+00');
INSERT INTO public.review (review_id, booking_id, reviewer_user_id, reviewee_user_id, rating, title, body, created_at) VALUES ('dd53f842-e703-4d1b-93ca-c096fdb27167', '299cf381-8605-418c-a869-a2ee003602a4', 'bb80d9bb-f4fa-4832-957c-d8607c859c17', '2fa62016-d8ae-4c9c-a3fa-62f8b75bd1af', 5, 'Tolle Kommunikation', 'Früher zehn wo treffen Blume es Papa Zeit baden Glas zusammen stark erschrecken turnen Minute.', '2026-02-08 13:30:00+00');
INSERT INTO public.review (review_id, booking_id, reviewer_user_id, reviewee_user_id, rating, title, body, created_at) VALUES ('2739d2d3-a6c4-49e3-a648-235dbaedf357', '9bd80c86-8e04-4896-8679-dc6d34ab8f9f', 'ae9be802-8d49-4f92-9ac8-6e83034b1846', 'd6c79e69-c6b5-4744-9594-c6ac899f1f6d', 4, 'Comunicación excelente', 'Provident consectetur aliquid amet eos velit odit quidem.', '2026-02-12 13:00:00+00');
INSERT INTO public.review (review_id, booking_id, reviewer_user_id, reviewee_user_id, rating, title, body, created_at) VALUES ('96a541d9-3c35-4383-bd26-091f5afff3c8', '9bd80c86-8e04-4896-8679-dc6d34ab8f9f', 'd6c79e69-c6b5-4744-9594-c6ac899f1f6d', 'ae9be802-8d49-4f92-9ac8-6e83034b1846', 5, 'Comunicación excelente', 'Sit nemo iusto ipsam delectus amet velit labore reprehenderit id.', '2026-02-12 13:30:00+00');
INSERT INTO public.review (review_id, booking_id, reviewer_user_id, reviewee_user_id, rating, title, body, created_at) VALUES ('78c6f884-58a3-4570-9f1f-8208da2aad04', '9ff14b0f-de80-4637-8cb4-52e94b084a21', '296900cc-52f8-4e04-b191-3183108b18a3', '1dd4913e-12f4-41cc-9db7-193b1d6fe4f0', 5, 'Sehr angenehmer Aufenthalt', 'Essen voll gewinnen der Weg Abend versuchen denn das Flasche dunkel rot anfangen als steigen fertig gestern dunkel.', '2026-02-16 13:00:00+00');
INSERT INTO public.review (review_id, booking_id, reviewer_user_id, reviewee_user_id, rating, title, body, created_at) VALUES ('3e1a837c-d388-456c-8530-03d7aad7874b', '9ff14b0f-de80-4637-8cb4-52e94b084a21', '1dd4913e-12f4-41cc-9db7-193b1d6fe4f0', '296900cc-52f8-4e04-b191-3183108b18a3', 5, 'Sauber und komfortabel', 'Darin in dabei beide kein hart nehmen Kind Fahrrad.', '2026-02-16 13:30:00+00');
INSERT INTO public.review (review_id, booking_id, reviewer_user_id, reviewee_user_id, rating, title, body, created_at) VALUES ('027e1554-3483-438a-b36b-e8e1d6dc67d9', 'a2f86091-fe6c-4678-aacc-4cc95004950d', '769027f7-3ab5-4493-ada1-25da8bbe938e', '40bc2369-abfb-4f50-ab74-136beeed0e7e', 5, 'Estadía muy agradable', 'Neque placeat corrupti repellat veniam assumenda dolorum nam impedit.', '2026-02-16 13:00:00+00');
INSERT INTO public.review (review_id, booking_id, reviewer_user_id, reviewee_user_id, rating, title, body, created_at) VALUES ('ee395a97-5844-4ff1-a59d-b25bccf9daf2', 'a2f86091-fe6c-4678-aacc-4cc95004950d', '40bc2369-abfb-4f50-ab74-136beeed0e7e', '769027f7-3ab5-4493-ada1-25da8bbe938e', 4, 'Sauber und komfortabel', 'Auf Stadt Vogel los klettern wünschen Baum lange Hund schlafen leben weiter bekommen Bett nimmt beim früher Oma mich.', '2026-02-16 13:30:00+00');
INSERT INTO public.review (review_id, booking_id, reviewer_user_id, reviewee_user_id, rating, title, body, created_at) VALUES ('f2f965e1-bc88-4eb4-a8d6-ad080cee8aa2', '522cd873-670c-4da6-8768-2aa90451e2a0', '6111c133-b6b8-41f8-bb62-f0f51145ff0f', 'e5dd1972-3ad3-44ba-b637-4b4f33a35ea6', 4, 'Sehr angenehmer Aufenthalt', 'Herz nennen Garten lesen jeder Stelle dafür reich vorbei Milch vier jeder warten ihn.', '2026-02-20 13:00:00+00');
INSERT INTO public.review (review_id, booking_id, reviewer_user_id, reviewee_user_id, rating, title, body, created_at) VALUES ('aa9670fe-10fe-45b2-a3e0-4f27ef39e123', '522cd873-670c-4da6-8768-2aa90451e2a0', 'e5dd1972-3ad3-44ba-b637-4b4f33a35ea6', '6111c133-b6b8-41f8-bb62-f0f51145ff0f', 5, 'Tolle Kommunikation', 'Holen sein genau genau Frage wohl schlagen lachen Blume bis jeder sieben heißen das Baum Wohnung.', '2026-02-20 13:30:00+00');
INSERT INTO public.review (review_id, booking_id, reviewer_user_id, reviewee_user_id, rating, title, body, created_at) VALUES ('2851b408-4f34-42f3-a3e9-89ebfed7d6a7', '7626978c-8f7a-45ca-9ccb-98b4f17b7639', '812a4f1c-03e8-4744-8806-dd2b284258cd', 'd350b8c0-e651-4fca-83e0-a260c37ab713', 5, 'Empfehlenswert', 'Gibt dann haben ruhig singen voll sechs zehn neun Haare Nacht es reiten fallen Buch unter Haus Sommer.', '2026-02-24 13:00:00+00');
INSERT INTO public.review (review_id, booking_id, reviewer_user_id, reviewee_user_id, rating, title, body, created_at) VALUES ('c6e7c70d-8134-4bc7-a22b-f6bcf12323a5', '7626978c-8f7a-45ca-9ccb-98b4f17b7639', 'd350b8c0-e651-4fca-83e0-a260c37ab713', '812a4f1c-03e8-4744-8806-dd2b284258cd', 5, 'Sehr angenehmer Aufenthalt', 'Familie Jahr Monate sonst oben schauen mit nimmt rennen Schluss Angst früh Sommer werden gut eigentlich denken rennen.', '2026-02-24 13:30:00+00');
INSERT INTO public.review (review_id, booking_id, reviewer_user_id, reviewee_user_id, rating, title, body, created_at) VALUES ('2291a0de-06c4-44bd-8f6c-59601cf6f71b', '25bdac77-ec52-4217-97d0-fb6cdb88561d', 'e6c615da-c738-4821-a255-e9a1d875407e', '944ef47b-4cf2-4f37-95ee-858e2ced0813', 5, 'Empfehlenswert', 'Den Onkel antworten sieht Essen immer Glück heiß sechs.', '2026-02-28 13:00:00+00');
INSERT INTO public.review (review_id, booking_id, reviewer_user_id, reviewee_user_id, rating, title, body, created_at) VALUES ('99e98dce-be3e-4981-a957-7cd3c0d0eb3c', '25bdac77-ec52-4217-97d0-fb6cdb88561d', '944ef47b-4cf2-4f37-95ee-858e2ced0813', 'e6c615da-c738-4821-a255-e9a1d875407e', 5, 'Tolle Kommunikation', 'Nennen Wald die so baden Bild kann ins nie ihn Essen Licht groß da scheinen nehmen machen gelb.', '2026-02-28 13:30:00+00');
INSERT INTO public.review (review_id, booking_id, reviewer_user_id, reviewee_user_id, rating, title, body, created_at) VALUES ('1738f95b-6c5d-4d62-94fb-35fa8e6463a1', '923eebf1-4745-4c0f-830f-3207e0ea327f', '6f5b7389-37e9-4beb-a9fb-eece23b25620', '31fe1245-62ce-4085-8e37-90148aead1f4', 4, 'Tolle Kommunikation', 'Hinter neu acht gefährlich es dein Frage gewinnen acht sieht durch Herr.', '2026-02-28 13:00:00+00');
INSERT INTO public.review (review_id, booking_id, reviewer_user_id, reviewee_user_id, rating, title, body, created_at) VALUES ('686436b0-b191-4c9a-949b-d2a0f5db30af', '923eebf1-4745-4c0f-830f-3207e0ea327f', '31fe1245-62ce-4085-8e37-90148aead1f4', '6f5b7389-37e9-4beb-a9fb-eece23b25620', 4, 'Tolle Kommunikation', 'Leicht Uhr Tag beißen viel auf alt werden vielleicht müssen müde schwarz.', '2026-02-28 13:30:00+00');
INSERT INTO public.review (review_id, booking_id, reviewer_user_id, reviewee_user_id, rating, title, body, created_at) VALUES ('9ddf311c-5aaf-4415-a140-4371003de4ec', '1dc277cb-229d-4818-ad43-4a252328b4f1', 'd46b5356-6705-4c77-a399-3fa7194a2c7c', 'bb80d9bb-f4fa-4832-957c-d8607c859c17', 5, 'Sauber und komfortabel', 'Gab hängen Zahl dumm Wissen kochen schlecht hart Junge Bruder jung Hund besser vom sieht.', '2026-03-04 13:00:00+00');
INSERT INTO public.review (review_id, booking_id, reviewer_user_id, reviewee_user_id, rating, title, body, created_at) VALUES ('b868d77d-e558-48a8-9bad-2e9228291a0d', '1dc277cb-229d-4818-ad43-4a252328b4f1', 'bb80d9bb-f4fa-4832-957c-d8607c859c17', 'd46b5356-6705-4c77-a399-3fa7194a2c7c', 5, 'Empfehlenswert', 'Ging drehen Leute dabei Leute weinen gut sehr tragen Tisch Ferien der.', '2026-03-04 13:30:00+00');
INSERT INTO public.review (review_id, booking_id, reviewer_user_id, reviewee_user_id, rating, title, body, created_at) VALUES ('8042c55b-b8da-4f36-8463-edd1d8a0c289', '2484a21f-3630-428a-9619-40bc53f9f691', '930d2be9-94cc-4e37-9613-839a55b96f56', 'd6c79e69-c6b5-4744-9594-c6ac899f1f6d', 5, 'Tolle Kommunikation', 'Dumm dick Sohn Berg Woche oft Kopf Musik Nacht schicken Wald.', '2026-03-08 13:00:00+00');
INSERT INTO public.review (review_id, booking_id, reviewer_user_id, reviewee_user_id, rating, title, body, created_at) VALUES ('a2496718-60ea-466f-a427-54c37d46aec9', '2484a21f-3630-428a-9619-40bc53f9f691', 'd6c79e69-c6b5-4744-9594-c6ac899f1f6d', '930d2be9-94cc-4e37-9613-839a55b96f56', 5, 'Comunicación excelente', 'Ratione dolorem minima ipsum ipsam similique voluptatibus esse numquam non qui veniam dignissimos distinctio optio culpa cupiditate asperiores a.', '2026-03-08 13:30:00+00');
INSERT INTO public.review (review_id, booking_id, reviewer_user_id, reviewee_user_id, rating, title, body, created_at) VALUES ('ac232d72-e98c-4df2-bb13-3022cf2ae05b', 'ec4a3039-edd6-4de3-876f-21373f2b52ce', '2fa62016-d8ae-4c9c-a3fa-62f8b75bd1af', '1dd4913e-12f4-41cc-9db7-193b1d6fe4f0', 4, 'Sehr angenehmer Aufenthalt', 'Gesicht Zeit gern kalt kurz Oma stellen neben Haare bekommen kommen Arzt Haus für Platz Zimmer bleiben nein heute.', '2026-03-12 13:00:00+00');
INSERT INTO public.review (review_id, booking_id, reviewer_user_id, reviewee_user_id, rating, title, body, created_at) VALUES ('888773af-7ed5-4972-97a5-b6bb89b83c8e', 'ec4a3039-edd6-4de3-876f-21373f2b52ce', '1dd4913e-12f4-41cc-9db7-193b1d6fe4f0', '2fa62016-d8ae-4c9c-a3fa-62f8b75bd1af', 5, 'Tolle Kommunikation', 'Minutenmir Stein Wasser kennen Teller rechnen Gesicht Land dich bei Brot weg Gott schwimmen lernen dumm Finger Junge.', '2026-03-12 13:30:00+00');
INSERT INTO public.review (review_id, booking_id, reviewer_user_id, reviewee_user_id, rating, title, body, created_at) VALUES ('e7943efb-90ea-4f08-a0e8-c39a70026a35', 'fb32525c-66fa-474a-b1a7-543b161e7a55', 'ae9be802-8d49-4f92-9ac8-6e83034b1846', '40bc2369-abfb-4f50-ab74-136beeed0e7e', 5, 'Estadía muy agradable', 'Porro iusto adipisci enim eligendi similique architecto doloremque eaque recusandae nihil rem dicta beatae dolore corrupti.', '2026-03-12 13:00:00+00');
INSERT INTO public.review (review_id, booking_id, reviewer_user_id, reviewee_user_id, rating, title, body, created_at) VALUES ('cea5c2cb-6b52-4153-a161-805249d356c3', 'fb32525c-66fa-474a-b1a7-543b161e7a55', '40bc2369-abfb-4f50-ab74-136beeed0e7e', 'ae9be802-8d49-4f92-9ac8-6e83034b1846', 4, 'Sehr angenehmer Aufenthalt', 'Luft noch Hase wenn Hilfe spielen schenken bald ohne Glas gibt mit hier Flasche verkaufen wünschen.', '2026-03-12 13:30:00+00');
INSERT INTO public.review (review_id, booking_id, reviewer_user_id, reviewee_user_id, rating, title, body, created_at) VALUES ('f5ae088c-6b42-4bf2-b09c-b1c72809eac4', '4c8ed9be-0496-4805-9596-dc59bf5fa372', '296900cc-52f8-4e04-b191-3183108b18a3', 'e5dd1972-3ad3-44ba-b637-4b4f33a35ea6', 5, 'Sehr angenehmer Aufenthalt', 'Von Glas Name den gut zehn schon hin nein Winter gelb her Stein Tier Sache turnen sich schlafen lustig.', '2026-03-16 13:00:00+00');
INSERT INTO public.review (review_id, booking_id, reviewer_user_id, reviewee_user_id, rating, title, body, created_at) VALUES ('605c14b2-c3f9-49cb-9303-c5fe63ca2e9f', '4c8ed9be-0496-4805-9596-dc59bf5fa372', 'e5dd1972-3ad3-44ba-b637-4b4f33a35ea6', '296900cc-52f8-4e04-b191-3183108b18a3', 5, 'Sauber und komfortabel', 'Letzte alt gelb Woche glücklich Sonntag Eis überall die Garten stehen letzte Meer sich lustig.', '2026-03-16 13:30:00+00');
INSERT INTO public.review (review_id, booking_id, reviewer_user_id, reviewee_user_id, rating, title, body, created_at) VALUES ('f7d95b33-ed0a-4cfb-91cd-5d5472d630d9', '47eb4a49-fcda-4999-ade9-0bfbc3704e18', '769027f7-3ab5-4493-ada1-25da8bbe938e', 'd350b8c0-e651-4fca-83e0-a260c37ab713', 4, 'Limpio y cómodo', 'Repudiandae architecto cumque esse quibusdam necessitatibus enim commodi porro praesentium velit magnam laudantium.', '2026-03-20 13:00:00+00');
INSERT INTO public.review (review_id, booking_id, reviewer_user_id, reviewee_user_id, rating, title, body, created_at) VALUES ('470add8a-8dbb-4ec9-8636-31860689757a', '47eb4a49-fcda-4999-ade9-0bfbc3704e18', 'd350b8c0-e651-4fca-83e0-a260c37ab713', '769027f7-3ab5-4493-ada1-25da8bbe938e', 5, 'Empfehlenswert', 'Vorbei nämlich nennen die eigentlich Schluss oder Weihnachten sechs Auge Hase Schüler zeigen noch.', '2026-03-20 13:30:00+00');
INSERT INTO public.review (review_id, booking_id, reviewer_user_id, reviewee_user_id, rating, title, body, created_at) VALUES ('43735893-3909-4910-9824-8ea972e9a049', '0ab036e6-f812-4f51-a981-d93c002ecc44', '6111c133-b6b8-41f8-bb62-f0f51145ff0f', '944ef47b-4cf2-4f37-95ee-858e2ced0813', 5, 'Empfehlenswert', 'Fenster fest Zahl Stadt weil Eltern scheinen möglich kam Spaß springen leise immer Dorf er nichts.', '2026-03-24 13:00:00+00');
INSERT INTO public.review (review_id, booking_id, reviewer_user_id, reviewee_user_id, rating, title, body, created_at) VALUES ('049b45e1-ad92-43e6-8969-8eadf1ecba4d', '0ab036e6-f812-4f51-a981-d93c002ecc44', '944ef47b-4cf2-4f37-95ee-858e2ced0813', '6111c133-b6b8-41f8-bb62-f0f51145ff0f', 5, 'Tolle Kommunikation', 'Bald langsam heißen Wiese schwer liegen darauf bin doch kein lieb Tür.', '2026-03-24 13:30:00+00');
INSERT INTO public.review (review_id, booking_id, reviewer_user_id, reviewee_user_id, rating, title, body, created_at) VALUES ('4e87aa4e-3c83-4d2c-9947-92e6ad1c256a', 'd1cc3377-003b-45a8-adc7-8d5be6947fcc', '812a4f1c-03e8-4744-8806-dd2b284258cd', '31fe1245-62ce-4085-8e37-90148aead1f4', 5, 'Tolle Kommunikation', 'Wissen Fahrrad kennen gut anfangen Ball leise Ferien öffnen.', '2026-03-24 13:00:00+00');
INSERT INTO public.review (review_id, booking_id, reviewer_user_id, reviewee_user_id, rating, title, body, created_at) VALUES ('235be748-f501-476a-9b7e-eac694b66651', 'd1cc3377-003b-45a8-adc7-8d5be6947fcc', '31fe1245-62ce-4085-8e37-90148aead1f4', '812a4f1c-03e8-4744-8806-dd2b284258cd', 4, 'Sehr angenehmer Aufenthalt', 'Fallen Geschenk Brief schwimmen Glas der Arzt wenn Küche Tür Sohn kurz nur weinen.', '2026-03-24 13:30:00+00');


--
-- Data for Name: role; Type: TABLE DATA; Schema: public; Owner: admin@email.com
--

INSERT INTO public.role (role_id, name, created_at) VALUES ('c8a3c99c-40ed-4468-bd5b-938b6d7a3c84', 'Admin', '2026-04-21 12:56:33.164269+00');
INSERT INTO public.role (role_id, name, created_at) VALUES ('abe9c600-f197-4e26-a07f-04fbcc44379a', 'Host', '2026-04-21 12:56:33.164269+00');
INSERT INTO public.role (role_id, name, created_at) VALUES ('12f4f6af-fc25-4825-8f28-9d66614ccd5b', 'Guest', '2026-04-21 12:56:33.164269+00');
INSERT INTO public.role (role_id, name, created_at) VALUES ('25de1901-8245-4cd3-b662-c6b8f7b2155d', 'Support', '2026-04-21 12:56:33.164269+00');
INSERT INTO public.role (role_id, name, created_at) VALUES ('c6d96308-3b3c-4505-a8c2-dfb892598b81', 'Moderator', '2026-04-21 12:56:33.164269+00');
INSERT INTO public.role (role_id, name, created_at) VALUES ('ab5f2379-02e7-4c0a-a567-7701faa387d8', 'Finance', '2026-04-21 12:56:33.164269+00');
INSERT INTO public.role (role_id, name, created_at) VALUES ('d6c1034f-c36c-4823-b554-75518952e3e0', 'Compliance', '2026-04-21 12:56:33.164269+00');
INSERT INTO public.role (role_id, name, created_at) VALUES ('3771a3d1-7962-49fc-90ec-8d7af268a01d', 'Superhost', '2026-04-21 12:56:33.164269+00');
INSERT INTO public.role (role_id, name, created_at) VALUES ('0a682e42-e7fb-4ea1-91b8-823573fef548', 'Traveler', '2026-04-21 12:56:33.164269+00');
INSERT INTO public.role (role_id, name, created_at) VALUES ('b8ba003c-d746-4c0c-938e-d5f09f9b63c0', 'Verified', '2026-04-21 12:56:33.164269+00');
INSERT INTO public.role (role_id, name, created_at) VALUES ('52ac4740-317d-4bce-956c-e7a02713561d', 'Ambassador', '2026-04-21 12:56:33.164269+00');
INSERT INTO public.role (role_id, name, created_at) VALUES ('e219ebcd-d4b5-4cc4-8cda-aa1684ac14e5', 'Curator', '2026-04-21 12:56:33.164269+00');
INSERT INTO public.role (role_id, name, created_at) VALUES ('03c0036a-d858-40ad-ae5d-47fee5bd2bce', 'Analyst', '2026-04-21 12:56:33.164269+00');
INSERT INTO public.role (role_id, name, created_at) VALUES ('8b805dd9-2e0d-43cb-adda-11a35ff7a135', 'Reviewer', '2026-04-21 12:56:33.164269+00');
INSERT INTO public.role (role_id, name, created_at) VALUES ('a7a2f3c9-5433-4d0c-8219-07f8a5fa0e12', 'Manager', '2026-04-21 12:56:33.164269+00');
INSERT INTO public.role (role_id, name, created_at) VALUES ('74bd5435-deb1-45c0-bda2-1f62c8c90798', 'Supervisor', '2026-04-21 12:56:33.164269+00');
INSERT INTO public.role (role_id, name, created_at) VALUES ('4ac63d4a-5a57-42cf-8226-e7a85610e232', 'Editor', '2026-04-21 12:56:33.164269+00');
INSERT INTO public.role (role_id, name, created_at) VALUES ('bda53bf6-f353-4791-92e6-faad1015e3ff', 'Operator', '2026-04-21 12:56:33.164269+00');
INSERT INTO public.role (role_id, name, created_at) VALUES ('9ec72b3c-39c2-4dcd-a417-c63b6039c662', 'Partner', '2026-04-21 12:56:33.164269+00');
INSERT INTO public.role (role_id, name, created_at) VALUES ('5df54fd5-ce37-4652-a06b-c465a81aa4f8', 'Auditor', '2026-04-21 12:56:33.164269+00');


--
-- Data for Name: session; Type: TABLE DATA; Schema: public; Owner: admin@email.com
--

INSERT INTO public.session (session_id, user_id, token, refresh_token, user_agent, ip_hash, tag, revoked_at, created_at, updated_at) VALUES ('b7745865-2379-43aa-9016-455f44793127', 'e6c615da-c738-4821-a255-e9a1d875407e', '64e60ed948766f1d3ace8bf1a78b24b4047830d17af6edf54710873cad78e2a6', 'ca1ceddc650382d4b9ef50ddc16dbdb9bb2b9bd078eda12fbb039b27bc3c3232', 'Mozilla/5.0 (Windows NT 10.0; Win64; x64) AppleWebKit/537.36 (KHTML, like Gecko) Chrome/135.0.0.0 Safari/537.36', '696689638238137b646274a3dad7e83a41a8ff56671fff8845a5072de38a7252', 'web-chrome', NULL, '2026-04-21 12:56:33.164269+00', '2026-04-21 12:56:33.164269+00');
INSERT INTO public.session (session_id, user_id, token, refresh_token, user_agent, ip_hash, tag, revoked_at, created_at, updated_at) VALUES ('e1a63c0f-663a-45bf-831e-13324d718f3d', 'e5dd1972-3ad3-44ba-b637-4b4f33a35ea6', 'f156bae548e56ea90119dc0fa800a377b518206cc5ca3681bb8f54102b71496f', '9cc5762812e215321862e4423dbd1c6ea7c10e76ef218cbf028dbee78cfc295b', 'Airbnb/24.15.1 (iPhone; iOS 17.4; Scale/3.00)', '4237d35d4dad8d0b4bade332d66ecca1620271d1b91e1ac0c2ba09093ab17fe2', 'ios-app', NULL, '2026-04-21 12:56:33.164269+00', '2026-04-21 12:56:33.164269+00');
INSERT INTO public.session (session_id, user_id, token, refresh_token, user_agent, ip_hash, tag, revoked_at, created_at, updated_at) VALUES ('7cdec90e-aff5-45fc-9d61-f05284cb864a', '4c452305-cad1-4f02-a319-3ee53056b285', '168e9be9642f8d4e431f2bd6aeea086d4f84db60d329409724747711f4236a8b', 'eae808d92d8d6b78cbcbc32039ae5bc05d13a53b6ddb195828c58050138a824f', 'Airbnb/24.15.1 (Linux; Android 14; Pixel 8)', 'f88f0aff7c20fbb3bf5b30d0ebb7981b2455c09020d0d443a6f14370321d7263', 'android-app', NULL, '2026-04-21 12:56:33.164269+00', '2026-04-21 12:56:33.164269+00');
INSERT INTO public.session (session_id, user_id, token, refresh_token, user_agent, ip_hash, tag, revoked_at, created_at, updated_at) VALUES ('bf7b7224-54c8-4663-8b3d-276a14b5c3da', '6f5b7389-37e9-4beb-a9fb-eece23b25620', '4f4d5b56eaedf027d57925762034dccfaa51f2052d2dbf4bc40b46f537cfe609', '3432f2df87ebc3f1cc4be298740320ae55a6c5816e046b8a99af6220c1080b30', 'Mozilla/5.0 (Macintosh; Intel Mac OS X 14_4) AppleWebKit/605.1.15 (KHTML, like Gecko) Version/17.4 Safari/605.1.15', '5a4d79bc2a01f8d8ca35e417d94b0987c0f951d50e973bc67b3ffcdfd382cf29', 'web-safari', NULL, '2026-04-21 12:56:33.164269+00', '2026-04-21 12:56:33.164269+00');
INSERT INTO public.session (session_id, user_id, token, refresh_token, user_agent, ip_hash, tag, revoked_at, created_at, updated_at) VALUES ('8ee33ba4-ce8c-4857-af23-1a02ad9304a9', 'd350b8c0-e651-4fca-83e0-a260c37ab713', 'd1c86d269670d3adaad48611a602638e5b4f8f31084df217c3f4d992c2f110db', '9ecec3043e53518f61fe26082bfeab1750aa80d8a2e02214d5dbaced55fa6102', 'Mozilla/5.0 (Windows NT 10.0; Win64; x64) AppleWebKit/537.36 (KHTML, like Gecko) Chrome/135.0.0.0 Safari/537.36', 'd789eef2e094b3fc7260a3e74f4eea88e68b3a2b4312dc614571778f59e953ae', 'web-chrome', '2026-04-16 12:56:33.303257+00', '2026-04-21 12:56:33.164269+00', '2026-04-21 12:56:33.164269+00');
INSERT INTO public.session (session_id, user_id, token, refresh_token, user_agent, ip_hash, tag, revoked_at, created_at, updated_at) VALUES ('84fb9925-ec95-4f19-be5b-e64631e43772', 'd46b5356-6705-4c77-a399-3fa7194a2c7c', '9e9ca87e2ac19401796d95fe41f4c14ffaa289dca30597c40b1667a6effba8af', 'a02845ace7f16bb457be14373b259e3b1403a5f1cefff75e0b90355ec4dcc8b6', 'Airbnb/24.15.1 (iPhone; iOS 17.4; Scale/3.00)', 'bfe8ecc22c8088d1951fd86f9ce6575da98999271f45bb40005a6bc355570c9d', 'ios-app', NULL, '2026-04-21 12:56:33.164269+00', '2026-04-21 12:56:33.164269+00');
INSERT INTO public.session (session_id, user_id, token, refresh_token, user_agent, ip_hash, tag, revoked_at, created_at, updated_at) VALUES ('fc74df00-c070-4366-9549-1e9b25ddcbfd', '930d2be9-94cc-4e37-9613-839a55b96f56', '5ef4a02ab0aa3eb92d0f9a7aebe0625f97edb8a10e061112194c9d7673d54952', 'f25f4d2bd164a774cff3ee9594cfe9c8fde750080256ba0ba60f3159dbafeecf', 'Airbnb/24.15.1 (Linux; Android 14; Pixel 8)', '15131590e711cfae3ebeab930f2e597e3d218a608cfd7ea545b800ce10191a56', 'android-app', NULL, '2026-04-21 12:56:33.164269+00', '2026-04-21 12:56:33.164269+00');
INSERT INTO public.session (session_id, user_id, token, refresh_token, user_agent, ip_hash, tag, revoked_at, created_at, updated_at) VALUES ('9a854ccb-cdf8-41fa-88ea-1e6770cddd18', '2fa62016-d8ae-4c9c-a3fa-62f8b75bd1af', '73a9c306edabd63a4ae93fca7dd2909ec2bf72db9bb9ec47c84e252d86e77e0f', 'ee7e020cf08a091ca795030f64ef91f865a86f68bf34bdbb03687195bfbf9870', 'Mozilla/5.0 (Macintosh; Intel Mac OS X 14_4) AppleWebKit/605.1.15 (KHTML, like Gecko) Version/17.4 Safari/605.1.15', 'f0fc5052ecb5659df9433d5396eac4decfb3ef57610fdb8954e1b3795f73c415', 'web-safari', NULL, '2026-04-21 12:56:33.164269+00', '2026-04-21 12:56:33.164269+00');
INSERT INTO public.session (session_id, user_id, token, refresh_token, user_agent, ip_hash, tag, revoked_at, created_at, updated_at) VALUES ('96f8e150-b02f-4690-a296-b0b0e52bb9d8', '944ef47b-4cf2-4f37-95ee-858e2ced0813', '97e5f5c46109b6431339393a27c30073b99fa063660b801eaa7b6c508d5277b3', 'a93ea421c7d5349c1ef6d999f002d2b825b8f946f822deb9a07111f96d474d26', 'Mozilla/5.0 (Windows NT 10.0; Win64; x64) AppleWebKit/537.36 (KHTML, like Gecko) Chrome/135.0.0.0 Safari/537.36', '1772282e254139e56b505bfff6631300894f6c1b99261d3d5a348827c506dc6e', 'web-chrome', NULL, '2026-04-21 12:56:33.164269+00', '2026-04-21 12:56:33.164269+00');
INSERT INTO public.session (session_id, user_id, token, refresh_token, user_agent, ip_hash, tag, revoked_at, created_at, updated_at) VALUES ('e8bccaff-bc65-438a-af72-3ba84f04740d', 'ae9be802-8d49-4f92-9ac8-6e83034b1846', '1094431207b62fc19b52fb60410a16a1d7c479d0c112b959b9b76064107c90d4', 'd224781af180bd6adca6a1c050da62369fb90f4e4d33513592713e61809233e4', 'Airbnb/24.15.1 (iPhone; iOS 17.4; Scale/3.00)', '90ff62995d4e0e061d6f2e3c20db70ba4c958a678fc4216a70f210566a4679d4', 'ios-app', '2026-04-11 12:56:33.303257+00', '2026-04-21 12:56:33.164269+00', '2026-04-21 12:56:33.164269+00');
INSERT INTO public.session (session_id, user_id, token, refresh_token, user_agent, ip_hash, tag, revoked_at, created_at, updated_at) VALUES ('0abf6eb1-1225-475a-92d3-46fcee449201', '31fe1245-62ce-4085-8e37-90148aead1f4', '94dfb86cd5d3a0fb9379eda88bc88fb6a7adec675c10c4b1d17f08d2258fbfcb', '36f9f781197f43fb90215880c67513fd09d9832457cb7f60d4a2f770c51384a0', 'Airbnb/24.15.1 (Linux; Android 14; Pixel 8)', 'eef98bc8e812804a7b0e3a6d9d13807077a588723448dcf9c4bc7691d6e69b1a', 'android-app', NULL, '2026-04-21 12:56:33.164269+00', '2026-04-21 12:56:33.164269+00');
INSERT INTO public.session (session_id, user_id, token, refresh_token, user_agent, ip_hash, tag, revoked_at, created_at, updated_at) VALUES ('9729cc1a-5a10-4181-b662-b8c314d08249', '8a3304b0-e792-4104-8e1e-a9f4b4d61e50', 'b6d79daa5686fdda48b408bbb8fdd4810dee49c53e7dc818950fe7cfcdef9c83', '6ddeebd9871e4eab37ebbf40f574f1621b5ed07cefe418d2b558f0242ce9e5f0', 'Mozilla/5.0 (Macintosh; Intel Mac OS X 14_4) AppleWebKit/605.1.15 (KHTML, like Gecko) Version/17.4 Safari/605.1.15', 'a2cd293643cb3289bed930b9d2b5c8346eefdf3ac12edd87faee705f0334e722', 'web-safari', NULL, '2026-04-21 12:56:33.164269+00', '2026-04-21 12:56:33.164269+00');
INSERT INTO public.session (session_id, user_id, token, refresh_token, user_agent, ip_hash, tag, revoked_at, created_at, updated_at) VALUES ('a55a27a9-30b8-4c05-8f85-d758432ce629', '296900cc-52f8-4e04-b191-3183108b18a3', '581129a2f7985a4f957e7ac534f41b1bbab68a6d99ff6a5364549ea23263730b', '47bd8446060bc02a39a9f7b46bcd371ffcde0a265d5fd32c5b97b3fa66e56e4a', 'Mozilla/5.0 (Windows NT 10.0; Win64; x64) AppleWebKit/537.36 (KHTML, like Gecko) Chrome/135.0.0.0 Safari/537.36', '944702bd45598af852813dd00517863c908a0458a26c5e144cea6906287f2501', 'web-chrome', NULL, '2026-04-21 12:56:33.164269+00', '2026-04-21 12:56:33.164269+00');
INSERT INTO public.session (session_id, user_id, token, refresh_token, user_agent, ip_hash, tag, revoked_at, created_at, updated_at) VALUES ('879e6089-ef29-4291-98e7-4766380a4d15', 'bb80d9bb-f4fa-4832-957c-d8607c859c17', '26d16bd14ad06cb88851cdffc4bf1ab4aca7fdd06d037e2422cd769add1de90b', '812d84fd525b32676300838a37fef971d2deb1b43d99bf4babe46a06e5cded21', 'Airbnb/24.15.1 (iPhone; iOS 17.4; Scale/3.00)', '0236e3dfc5470ef74e7473317705bf5da3bec64af049ccfd223a29676f9b8699', 'ios-app', NULL, '2026-04-21 12:56:33.164269+00', '2026-04-21 12:56:33.164269+00');
INSERT INTO public.session (session_id, user_id, token, refresh_token, user_agent, ip_hash, tag, revoked_at, created_at, updated_at) VALUES ('3e832457-a94a-41d4-a4c9-281aac4791d2', 'd6c79e69-c6b5-4744-9594-c6ac899f1f6d', 'ea3dda5a8e179b1ba1d7fdcdec955fee5e72a9391877d36ecce70827d1435daf', 'f7583a25e56ab194d6743c93db7443c28ad7641d2adfdfac97c35d624dc8f394', 'Airbnb/24.15.1 (Linux; Android 14; Pixel 8)', '3da5f8ca1bdb672a7eb370933579d68f482698327efcd3d1d1350c2dfdaf5d44', 'android-app', '2026-04-06 12:56:33.303257+00', '2026-04-21 12:56:33.164269+00', '2026-04-21 12:56:33.164269+00');
INSERT INTO public.session (session_id, user_id, token, refresh_token, user_agent, ip_hash, tag, revoked_at, created_at, updated_at) VALUES ('92d8d5a4-8492-4dc2-b5ee-113d3a8c2bae', '769027f7-3ab5-4493-ada1-25da8bbe938e', '687428f6625973a5674423ef5747c96d3d23eb9253c4449193d7199c41de2d7b', '76d2f6044a8686a39d3d95e9ee7150b4fe4e8fa5c8e443b28ff8732ef455585d', 'Mozilla/5.0 (Macintosh; Intel Mac OS X 14_4) AppleWebKit/605.1.15 (KHTML, like Gecko) Version/17.4 Safari/605.1.15', '3472990c25b1665bc0fc2996bf7ee6de47c90a8a8831c18b24581421eaac0bfc', 'web-safari', NULL, '2026-04-21 12:56:33.164269+00', '2026-04-21 12:56:33.164269+00');
INSERT INTO public.session (session_id, user_id, token, refresh_token, user_agent, ip_hash, tag, revoked_at, created_at, updated_at) VALUES ('8621fa42-6ff7-4c15-ae1f-3e25b47e7cd2', '6111c133-b6b8-41f8-bb62-f0f51145ff0f', 'f1286c512a417113b7db4f5b2b698eb818143bb4959ce547160a96b9e0e03034', 'bb3c42b22abce941a4a3a5d8579ffcd2b02af63ddee83fd20b1cbc556a4773a3', 'Mozilla/5.0 (Windows NT 10.0; Win64; x64) AppleWebKit/537.36 (KHTML, like Gecko) Chrome/135.0.0.0 Safari/537.36', '5c32406147a8d1efcbcac4b258804027f3edcd6ab02dbebfc78fb05145dc1022', 'web-chrome', NULL, '2026-04-21 12:56:33.164269+00', '2026-04-21 12:56:33.164269+00');
INSERT INTO public.session (session_id, user_id, token, refresh_token, user_agent, ip_hash, tag, revoked_at, created_at, updated_at) VALUES ('f217cd9a-2034-412e-b319-4602602e3940', '812a4f1c-03e8-4744-8806-dd2b284258cd', '04eaa01fdb15518fee8e1490912aed7c87a3977e988998acea18806ed2a6eb7a', '325b9263784a3e744fe8f46e9b61f49d0633fc3d625472579d0c5a7d29efc27f', 'Airbnb/24.15.1 (iPhone; iOS 17.4; Scale/3.00)', 'fce5d68f5f101eb29db7db32253e8ad4be9a5bd59b2bb04f283f9808f5275382', 'ios-app', NULL, '2026-04-21 12:56:33.164269+00', '2026-04-21 12:56:33.164269+00');
INSERT INTO public.session (session_id, user_id, token, refresh_token, user_agent, ip_hash, tag, revoked_at, created_at, updated_at) VALUES ('ddc1bbd3-fbc7-447f-90fb-4c1ffa434025', '1dd4913e-12f4-41cc-9db7-193b1d6fe4f0', 'd366d4994ba79029e147e06eaccb9e771e2149b41a98366bc8b704969c620a40', '87498d50d7abf141221a1a19d72bccbbe99c860cfdb7e0611dac8c98002cb063', 'Airbnb/24.15.1 (Linux; Android 14; Pixel 8)', 'd898126348bff466cf87fff0843048e11a14f0aa6b2ad6f4aab6b5e319b2fd44', 'android-app', NULL, '2026-04-21 12:56:33.164269+00', '2026-04-21 12:56:33.164269+00');
INSERT INTO public.session (session_id, user_id, token, refresh_token, user_agent, ip_hash, tag, revoked_at, created_at, updated_at) VALUES ('1a54abd1-7052-43a1-9bcc-70a3082ee2ba', '40bc2369-abfb-4f50-ab74-136beeed0e7e', 'ff7f0308be5fda52c5390431a1c4abdaeb88b2cdabb2a104067afc8d7a234054', 'fe3d8205635f67dd9e2ab1d2dd9bd1e2278e988fb424b63a03a4b96bca3f9fa8', 'Mozilla/5.0 (Macintosh; Intel Mac OS X 14_4) AppleWebKit/605.1.15 (KHTML, like Gecko) Version/17.4 Safari/605.1.15', '43ca2a6f2b2d63b130091eddb784c05225f57e73bcd83badab7f63c8158a7d52', 'web-safari', '2026-04-01 12:56:33.303257+00', '2026-04-21 12:56:33.164269+00', '2026-04-21 12:56:33.164269+00');


--
-- Data for Name: user_profile; Type: TABLE DATA; Schema: public; Owner: admin@email.com
--

INSERT INTO public.user_profile (user_id, avatar_url, bio, languages, socials, settings) VALUES ('e6c615da-c738-4821-a255-e9a1d875407e', 'https://picsum.photos/seed/trude-rogner-18-example-com/640/640', 'Weg kennen Finger beide am Minute natürlich acht Schule Bauer Bein antworten gibt. Fertig Sache essen davon will möglich Küche Stadt Tante einmal.', '{de,es,en}', '{"website": "https://example.com/trude-rogner", "instagram": "@trude-rogner"}', '{"theme": "dark", "currency_hint": "EUR", "marketing_emails": true, "preferred_locale": "de_DE"}');
INSERT INTO public.user_profile (user_id, avatar_url, bio, languages, socials, settings) VALUES ('e5dd1972-3ad3-44ba-b637-4b4f33a35ea6', 'https://picsum.photos/seed/juri-schwital-08-example-com/640/640', 'Richtig haben ihm vielleicht Ball reich plötzlich Baum. Stunde böse Eis Mann den einfach kommen vor.', '{de,es,en}', '{"website": "https://example.com/juri-schwital", "instagram": "@juri-schwital"}', '{"theme": "light", "currency_hint": "EUR", "marketing_emails": true, "preferred_locale": "de_DE"}');
INSERT INTO public.user_profile (user_id, avatar_url, bio, languages, socials, settings) VALUES ('4c452305-cad1-4f02-a319-3ee53056b285', 'https://picsum.photos/seed/alvaro-beltran-20-example-com/640/640', 'Fugit iste rerum cum explicabo pariatur praesentium placeat. Non cupiditate quas cum fugit.', '{es,de,en}', '{"website": "https://example.com/alvaro-beltran", "instagram": "@alvaro-beltran"}', '{"theme": "dark", "currency_hint": "COP", "marketing_emails": false, "preferred_locale": "es_CO"}');
INSERT INTO public.user_profile (user_id, avatar_url, bio, languages, socials, settings) VALUES ('6f5b7389-37e9-4beb-a9fb-eece23b25620', 'https://picsum.photos/seed/natascha-dorschner-12-example-com/640/640', 'Kann viel Milch baden überall um zeigen Wetter. Draußen laufen essen Hund Bauer Herr zur.', '{de,es,en}', '{"website": "https://example.com/natascha-dorschner", "instagram": "@natascha-dorschner"}', '{"theme": "light", "currency_hint": "EUR", "marketing_emails": true, "preferred_locale": "de_DE"}');
INSERT INTO public.user_profile (user_id, avatar_url, bio, languages, socials, settings) VALUES ('d350b8c0-e651-4fca-83e0-a260c37ab713', 'https://picsum.photos/seed/dorte-hettner-05-example-com/640/640', 'Wetter stark fünf schnell seit Stadt rot laufen einmal etwas Bauer. Baum genau baden Land wer Mama bauen letzte verkaufen Bein.', '{de,es,en}', '{"website": "https://example.com/dorte-hettner", "instagram": "@dorte-hettner"}', '{"theme": "dark", "currency_hint": "EUR", "marketing_emails": true, "preferred_locale": "de_DE"}');
INSERT INTO public.user_profile (user_id, avatar_url, bio, languages, socials, settings) VALUES ('d46b5356-6705-4c77-a399-3fa7194a2c7c', 'https://picsum.photos/seed/igor-bohlander-16-example-com/640/640', 'Schauen Ferien danach warum finden nein ob immer. Mutter gern frei Sache gerade Freude dauern plötzlich klein wie.', '{de,es,en}', '{"website": "https://example.com/igor-bohlander", "instagram": "@igor-bohlander"}', '{"theme": "light", "currency_hint": "EUR", "marketing_emails": false, "preferred_locale": "de_DE"}');
INSERT INTO public.user_profile (user_id, avatar_url, bio, languages, socials, settings) VALUES ('930d2be9-94cc-4e37-9613-839a55b96f56', 'https://picsum.photos/seed/peter-michael-wiek-15-example-com/640/640', 'Affe ob Musik Brief Maus lesen davon grün. Wagen heiß Ding Uhr schreien.', '{de,es,en}', '{"website": "https://example.com/peter-michael-wiek", "instagram": "@peter-michael-wiek"}', '{"theme": "dark", "currency_hint": "EUR", "marketing_emails": true, "preferred_locale": "de_DE"}');
INSERT INTO public.user_profile (user_id, avatar_url, bio, languages, socials, settings) VALUES ('2fa62016-d8ae-4c9c-a3fa-62f8b75bd1af', 'https://picsum.photos/seed/heimo-rosenow-10-example-com/640/640', 'Zum Tante mal rund Minutenmir wieder Brot Wagen Freude warum sie die fährt erzählen glücklich schlagen. Lesen Flasche weit baden Onkel turnen Auge.', '{de,es,en}', '{"website": "https://example.com/heimo-rosenow", "instagram": "@heimo-rosenow"}', '{"theme": "light", "currency_hint": "EUR", "marketing_emails": true, "preferred_locale": "de_DE"}');
INSERT INTO public.user_profile (user_id, avatar_url, bio, languages, socials, settings) VALUES ('944ef47b-4cf2-4f37-95ee-858e2ced0813', 'https://picsum.photos/seed/gotthold-koch-ii-07-example-com/640/640', 'Spaß packen frei sicher Milch ja Affe Berg Wald weil Mensch um. Minute Jahr auf Hase Wiese Zeit auch halten schicken rund.', '{de,es,en}', '{"website": "https://example.com/gotthold-koch-ii", "instagram": "@gotthold-koch-ii"}', '{"theme": "dark", "currency_hint": "EUR", "marketing_emails": false, "preferred_locale": "de_DE"}');
INSERT INTO public.user_profile (user_id, avatar_url, bio, languages, socials, settings) VALUES ('ae9be802-8d49-4f92-9ac8-6e83034b1846', 'https://picsum.photos/seed/rafael-perez-17-example-com/640/640', 'Dolor eveniet quisquam animi reprehenderit rem illo architecto totam necessitatibus quaerat distinctio libero suscipit odit. Eaque doloribus natus ea nesciunt tempore.', '{es,de,en}', '{"website": "https://example.com/rafael-perez", "instagram": "@rafael-perez"}', '{"theme": "light", "currency_hint": "COP", "marketing_emails": true, "preferred_locale": "es_CO"}');
INSERT INTO public.user_profile (user_id, avatar_url, bio, languages, socials, settings) VALUES ('31fe1245-62ce-4085-8e37-90148aead1f4', 'https://picsum.photos/seed/dorothea-bauer-02-example-com/640/640', 'Spät war hören ob die wie vier ziehen tief wahr andere setzen. Später ihm Sache selbst Finger dir schreiben Herz.', '{de,es,en}', '{"website": "https://example.com/dorothea-bauer", "instagram": "@dorothea-bauer"}', '{"theme": "dark", "currency_hint": "EUR", "marketing_emails": true, "preferred_locale": "de_DE"}');
INSERT INTO public.user_profile (user_id, avatar_url, bio, languages, socials, settings) VALUES ('8a3304b0-e792-4104-8e1e-a9f4b4d61e50', 'https://picsum.photos/seed/diana-sanabria-19-example-com/640/640', 'Facere voluptatum consequuntur laudantium quidem similique corrupti cum perspiciatis nisi harum nisi iusto. Voluptas similique accusamus quam placeat modi eaque.', '{es,de,en}', '{"website": "https://example.com/diana-sanabria", "instagram": "@diana-sanabria"}', '{"theme": "light", "currency_hint": "COP", "marketing_emails": false, "preferred_locale": "es_CO"}');
INSERT INTO public.user_profile (user_id, avatar_url, bio, languages, socials, settings) VALUES ('296900cc-52f8-4e04-b191-3183108b18a3', 'https://picsum.photos/seed/wilfriede-rohrdanz-13-example-com/640/640', 'Versuchen Fahrrad tot kochen gehen stellen fangen. Richtig holen Fußball Beispiel spielen.', '{de,es,en}', '{"website": "https://example.com/wilfriede-rohrdanz", "instagram": "@wilfriede-rohrdanz"}', '{"theme": "dark", "currency_hint": "EUR", "marketing_emails": true, "preferred_locale": "de_DE"}');
INSERT INTO public.user_profile (user_id, avatar_url, bio, languages, socials, settings) VALUES ('bb80d9bb-f4fa-4832-957c-d8607c859c17', 'https://picsum.photos/seed/hilda-lochel-04-example-com/640/640', 'Pferd holen Zug Mann wir dafür zeigen dürfen wünschen Freude Buch jung. Junge zur dafür Weg einmal Auge Junge Loch.', '{de,es,en}', '{"website": "https://example.com/hilda-lochel", "instagram": "@hilda-lochel"}', '{"theme": "light", "currency_hint": "EUR", "marketing_emails": true, "preferred_locale": "de_DE"}');
INSERT INTO public.user_profile (user_id, avatar_url, bio, languages, socials, settings) VALUES ('d6c79e69-c6b5-4744-9594-c6ac899f1f6d', 'https://picsum.photos/seed/jairo-vargas-03-example-com/640/640', 'Beatae ipsa iste veritatis soluta ea magnam debitis totam sit error odit. Dicta fugiat cum veritatis ullam ullam nobis laborum beatae facilis.', '{es,de,en}', '{"website": "https://example.com/jairo-vargas", "instagram": "@jairo-vargas"}', '{"theme": "dark", "currency_hint": "COP", "marketing_emails": false, "preferred_locale": "es_CO"}');
INSERT INTO public.user_profile (user_id, avatar_url, bio, languages, socials, settings) VALUES ('769027f7-3ab5-4493-ada1-25da8bbe938e', 'https://picsum.photos/seed/marina-mora-09-example-com/640/640', 'Dolores dolores necessitatibus aspernatur quasi repellendus voluptate minus commodi optio veniam. Eaque sit incidunt distinctio molestiae quas.', '{es,de,en}', '{"website": "https://example.com/marina-mora", "instagram": "@marina-mora"}', '{"theme": "light", "currency_hint": "COP", "marketing_emails": true, "preferred_locale": "es_CO"}');
INSERT INTO public.user_profile (user_id, avatar_url, bio, languages, socials, settings) VALUES ('6111c133-b6b8-41f8-bb62-f0f51145ff0f', 'https://picsum.photos/seed/jonathan-weinhold-11-example-com/640/640', 'Schlagen wir setzen Ende jeder wo wer oben rufen darauf Weg letzte rund gesund schnell. Darin in wir scheinen Weihnachten nächste gefährlich merken ab für.', '{de,es,en}', '{"website": "https://example.com/jonathan-weinhold", "instagram": "@jonathan-weinhold"}', '{"theme": "dark", "currency_hint": "EUR", "marketing_emails": true, "preferred_locale": "de_DE"}');
INSERT INTO public.user_profile (user_id, avatar_url, bio, languages, socials, settings) VALUES ('812a4f1c-03e8-4744-8806-dd2b284258cd', 'https://picsum.photos/seed/ute-ullmann-14-example-com/640/640', 'Stark nie Gesicht kam schauen Licht Stelle wollen setzen richtig führen rufen nämlich. Tot singen schaffen fallen endlich.', '{de,es,en}', '{"website": "https://example.com/ute-ullmann", "instagram": "@ute-ullmann"}', '{"theme": "light", "currency_hint": "EUR", "marketing_emails": false, "preferred_locale": "de_DE"}');
INSERT INTO public.user_profile (user_id, avatar_url, bio, languages, socials, settings) VALUES ('1dd4913e-12f4-41cc-9db7-193b1d6fe4f0', 'https://picsum.photos/seed/hans-jochen-tlustek-06-example-com/640/640', 'Aus zum noch sonst Klasse warm müssen. Legen fiel reiten aber singen Spaß Buch ist.', '{de,es,en}', '{"website": "https://example.com/hans-jochen-tlustek", "instagram": "@hans-jochen-tlustek"}', '{"theme": "dark", "currency_hint": "EUR", "marketing_emails": true, "preferred_locale": "de_DE"}');
INSERT INTO public.user_profile (user_id, avatar_url, bio, languages, socials, settings) VALUES ('40bc2369-abfb-4f50-ab74-136beeed0e7e', 'https://picsum.photos/seed/hellmuth-etzold-01-example-com/640/640', 'Suchen Schnee Kopf mit wenn dann davon Kopf Mama. Nein wo warum nun Schüler lernen Tür merken Wasser sieben.', '{de,es,en}', '{"website": "https://example.com/hellmuth-etzold", "instagram": "@hellmuth-etzold"}', '{"theme": "light", "currency_hint": "EUR", "marketing_emails": true, "preferred_locale": "de_DE"}');


--
-- Data for Name: user_role; Type: TABLE DATA; Schema: public; Owner: admin@email.com
--

INSERT INTO public.user_role (user_id, role_id, assigned_at, revoked_at) VALUES ('e6c615da-c738-4821-a255-e9a1d875407e', '12f4f6af-fc25-4825-8f28-9d66614ccd5b', '2026-04-18 12:56:33.303257+00', NULL);
INSERT INTO public.user_role (user_id, role_id, assigned_at, revoked_at) VALUES ('e5dd1972-3ad3-44ba-b637-4b4f33a35ea6', 'abe9c600-f197-4e26-a07f-04fbcc44379a', '2026-04-15 12:56:33.303257+00', NULL);
INSERT INTO public.user_role (user_id, role_id, assigned_at, revoked_at) VALUES ('4c452305-cad1-4f02-a319-3ee53056b285', 'c8a3c99c-40ed-4468-bd5b-938b6d7a3c84', '2026-04-12 12:56:33.303257+00', NULL);
INSERT INTO public.user_role (user_id, role_id, assigned_at, revoked_at) VALUES ('6f5b7389-37e9-4beb-a9fb-eece23b25620', '12f4f6af-fc25-4825-8f28-9d66614ccd5b', '2026-04-09 12:56:33.303257+00', NULL);
INSERT INTO public.user_role (user_id, role_id, assigned_at, revoked_at) VALUES ('d350b8c0-e651-4fca-83e0-a260c37ab713', 'abe9c600-f197-4e26-a07f-04fbcc44379a', '2026-04-06 12:56:33.303257+00', NULL);
INSERT INTO public.user_role (user_id, role_id, assigned_at, revoked_at) VALUES ('d46b5356-6705-4c77-a399-3fa7194a2c7c', '12f4f6af-fc25-4825-8f28-9d66614ccd5b', '2026-04-03 12:56:33.303257+00', NULL);
INSERT INTO public.user_role (user_id, role_id, assigned_at, revoked_at) VALUES ('930d2be9-94cc-4e37-9613-839a55b96f56', '12f4f6af-fc25-4825-8f28-9d66614ccd5b', '2026-03-31 12:56:33.303257+00', NULL);
INSERT INTO public.user_role (user_id, role_id, assigned_at, revoked_at) VALUES ('2fa62016-d8ae-4c9c-a3fa-62f8b75bd1af', '12f4f6af-fc25-4825-8f28-9d66614ccd5b', '2026-03-28 12:56:33.303257+00', NULL);
INSERT INTO public.user_role (user_id, role_id, assigned_at, revoked_at) VALUES ('944ef47b-4cf2-4f37-95ee-858e2ced0813', 'abe9c600-f197-4e26-a07f-04fbcc44379a', '2026-03-25 12:56:33.303257+00', NULL);
INSERT INTO public.user_role (user_id, role_id, assigned_at, revoked_at) VALUES ('ae9be802-8d49-4f92-9ac8-6e83034b1846', '12f4f6af-fc25-4825-8f28-9d66614ccd5b', '2026-03-22 12:56:33.303257+00', NULL);
INSERT INTO public.user_role (user_id, role_id, assigned_at, revoked_at) VALUES ('31fe1245-62ce-4085-8e37-90148aead1f4', 'abe9c600-f197-4e26-a07f-04fbcc44379a', '2026-03-19 12:56:33.303257+00', NULL);
INSERT INTO public.user_role (user_id, role_id, assigned_at, revoked_at) VALUES ('8a3304b0-e792-4104-8e1e-a9f4b4d61e50', 'c8a3c99c-40ed-4468-bd5b-938b6d7a3c84', '2026-03-16 12:56:33.303257+00', NULL);
INSERT INTO public.user_role (user_id, role_id, assigned_at, revoked_at) VALUES ('296900cc-52f8-4e04-b191-3183108b18a3', '12f4f6af-fc25-4825-8f28-9d66614ccd5b', '2026-03-13 12:56:33.303257+00', NULL);
INSERT INTO public.user_role (user_id, role_id, assigned_at, revoked_at) VALUES ('bb80d9bb-f4fa-4832-957c-d8607c859c17', 'abe9c600-f197-4e26-a07f-04fbcc44379a', '2026-03-10 12:56:33.303257+00', NULL);
INSERT INTO public.user_role (user_id, role_id, assigned_at, revoked_at) VALUES ('d6c79e69-c6b5-4744-9594-c6ac899f1f6d', 'abe9c600-f197-4e26-a07f-04fbcc44379a', '2026-03-07 12:56:33.303257+00', NULL);
INSERT INTO public.user_role (user_id, role_id, assigned_at, revoked_at) VALUES ('769027f7-3ab5-4493-ada1-25da8bbe938e', '12f4f6af-fc25-4825-8f28-9d66614ccd5b', '2026-03-04 12:56:33.303257+00', NULL);
INSERT INTO public.user_role (user_id, role_id, assigned_at, revoked_at) VALUES ('6111c133-b6b8-41f8-bb62-f0f51145ff0f', '12f4f6af-fc25-4825-8f28-9d66614ccd5b', '2026-03-01 12:56:33.303257+00', NULL);
INSERT INTO public.user_role (user_id, role_id, assigned_at, revoked_at) VALUES ('812a4f1c-03e8-4744-8806-dd2b284258cd', '12f4f6af-fc25-4825-8f28-9d66614ccd5b', '2026-02-26 12:56:33.303257+00', NULL);
INSERT INTO public.user_role (user_id, role_id, assigned_at, revoked_at) VALUES ('1dd4913e-12f4-41cc-9db7-193b1d6fe4f0', 'abe9c600-f197-4e26-a07f-04fbcc44379a', '2026-02-23 12:56:33.303257+00', NULL);
INSERT INTO public.user_role (user_id, role_id, assigned_at, revoked_at) VALUES ('40bc2369-abfb-4f50-ab74-136beeed0e7e', 'abe9c600-f197-4e26-a07f-04fbcc44379a', '2026-02-20 12:56:33.303257+00', NULL);


--
-- Data for Name: verification; Type: TABLE DATA; Schema: public; Owner: admin@email.com
--

INSERT INTO public.verification (verif_id, user_id, purpose, value, consumed_at, expires_at, created_at) VALUES ('9ac9a3ff-df47-4485-a1ff-ca71cc9918eb', 'e6c615da-c738-4821-a255-e9a1d875407e', 'email', 'AwguOfh78Gvhn8zS', '2026-04-19 13:56:33.303257+00', '2026-04-26 12:56:33.303257+00', '2026-04-19 10:56:33.303257+00');
INSERT INTO public.verification (verif_id, user_id, purpose, value, consumed_at, expires_at, created_at) VALUES ('e8106ddc-c51a-44e3-b9d0-af808d58731d', 'e5dd1972-3ad3-44ba-b637-4b4f33a35ea6', 'phone', 'kaRIEDKgW0kwYqSx', '2026-04-17 13:56:33.303257+00', '2026-04-24 12:56:33.303257+00', '2026-04-17 10:56:33.303257+00');
INSERT INTO public.verification (verif_id, user_id, purpose, value, consumed_at, expires_at, created_at) VALUES ('0fa23b4d-a91f-40d4-91b4-1c9876cd3adc', '4c452305-cad1-4f02-a319-3ee53056b285', 'email', 'zVWmNtGe1CyvnwYi', '2026-04-15 13:56:33.303257+00', '2026-04-22 12:56:33.303257+00', '2026-04-15 10:56:33.303257+00');
INSERT INTO public.verification (verif_id, user_id, purpose, value, consumed_at, expires_at, created_at) VALUES ('76896381-a08b-4004-afcf-df3f98c27105', '6f5b7389-37e9-4beb-a9fb-eece23b25620', 'phone', '3xCpXVqKgE2Z4g_x', NULL, '2026-04-20 12:56:33.303257+00', '2026-04-13 10:56:33.303257+00');
INSERT INTO public.verification (verif_id, user_id, purpose, value, consumed_at, expires_at, created_at) VALUES ('fda75999-c18c-4daf-bb9a-ecc71f1a418b', 'd350b8c0-e651-4fca-83e0-a260c37ab713', 'email', 'eLikFGQ6pcnZePns', '2026-04-11 13:56:33.303257+00', '2026-04-18 12:56:33.303257+00', '2026-04-11 10:56:33.303257+00');
INSERT INTO public.verification (verif_id, user_id, purpose, value, consumed_at, expires_at, created_at) VALUES ('f1de9cbe-9b7c-4c39-a13f-867b19b25109', 'd46b5356-6705-4c77-a399-3fa7194a2c7c', 'phone', 'tB4OOwttI6IMeXAm', '2026-04-09 13:56:33.303257+00', '2026-04-16 12:56:33.303257+00', '2026-04-09 10:56:33.303257+00');
INSERT INTO public.verification (verif_id, user_id, purpose, value, consumed_at, expires_at, created_at) VALUES ('7bf841de-119a-40fd-8561-3bd1028da92a', '930d2be9-94cc-4e37-9613-839a55b96f56', 'email', 'hhVrXhcNJhedG2LR', '2026-04-07 13:56:33.303257+00', '2026-04-14 12:56:33.303257+00', '2026-04-07 10:56:33.303257+00');
INSERT INTO public.verification (verif_id, user_id, purpose, value, consumed_at, expires_at, created_at) VALUES ('b0642e51-439b-4a2c-affa-2d377f31bc1a', '2fa62016-d8ae-4c9c-a3fa-62f8b75bd1af', 'phone', 'L0SlktKozXS56d6w', NULL, '2026-04-12 12:56:33.303257+00', '2026-04-05 10:56:33.303257+00');
INSERT INTO public.verification (verif_id, user_id, purpose, value, consumed_at, expires_at, created_at) VALUES ('ba73bd71-446a-4f00-aa89-ddbfac5bfcd0', '944ef47b-4cf2-4f37-95ee-858e2ced0813', 'email', 'bgZlQltJMdV1DAgF', '2026-04-03 13:56:33.303257+00', '2026-04-10 12:56:33.303257+00', '2026-04-03 10:56:33.303257+00');
INSERT INTO public.verification (verif_id, user_id, purpose, value, consumed_at, expires_at, created_at) VALUES ('617e8c45-7f7c-411a-b7fd-3c6877382d50', 'ae9be802-8d49-4f92-9ac8-6e83034b1846', 'phone', 'Tn892z41SB0fJmXt', '2026-04-01 13:56:33.303257+00', '2026-04-08 12:56:33.303257+00', '2026-04-01 10:56:33.303257+00');
INSERT INTO public.verification (verif_id, user_id, purpose, value, consumed_at, expires_at, created_at) VALUES ('4457fed3-376d-40f6-8c8c-56c0c2b65e9e', '31fe1245-62ce-4085-8e37-90148aead1f4', 'email', 'o9uoPzJg1cpmreYH', '2026-03-30 13:56:33.303257+00', '2026-04-06 12:56:33.303257+00', '2026-03-30 10:56:33.303257+00');
INSERT INTO public.verification (verif_id, user_id, purpose, value, consumed_at, expires_at, created_at) VALUES ('ee28001c-c463-4e56-bbe0-e76dc02e392a', '8a3304b0-e792-4104-8e1e-a9f4b4d61e50', 'phone', 'JpFqfl-mbNqoVzM-', NULL, '2026-04-04 12:56:33.303257+00', '2026-03-28 10:56:33.303257+00');
INSERT INTO public.verification (verif_id, user_id, purpose, value, consumed_at, expires_at, created_at) VALUES ('e5b5f680-8c6e-4f85-be9e-024cf6bf4323', '296900cc-52f8-4e04-b191-3183108b18a3', 'email', 'HwStWx9BUHC2sYrk', '2026-03-26 13:56:33.303257+00', '2026-04-02 12:56:33.303257+00', '2026-03-26 10:56:33.303257+00');
INSERT INTO public.verification (verif_id, user_id, purpose, value, consumed_at, expires_at, created_at) VALUES ('8c33ebb5-8d62-4480-a819-0cbd95256c5c', 'bb80d9bb-f4fa-4832-957c-d8607c859c17', 'phone', '1FP7wOfhogQ5Q2Sm', '2026-03-24 13:56:33.303257+00', '2026-03-31 12:56:33.303257+00', '2026-03-24 10:56:33.303257+00');
INSERT INTO public.verification (verif_id, user_id, purpose, value, consumed_at, expires_at, created_at) VALUES ('c773a351-f9fe-4812-94bd-0f853024e98c', 'd6c79e69-c6b5-4744-9594-c6ac899f1f6d', 'email', 'QxT6z50vFMRT9wqH', '2026-03-22 13:56:33.303257+00', '2026-03-29 12:56:33.303257+00', '2026-03-22 10:56:33.303257+00');
INSERT INTO public.verification (verif_id, user_id, purpose, value, consumed_at, expires_at, created_at) VALUES ('b83165ac-2502-43db-beb3-3e2e80ae8b8a', '769027f7-3ab5-4493-ada1-25da8bbe938e', 'phone', 'FOqOxWtlKu4jv8bN', NULL, '2026-03-27 12:56:33.303257+00', '2026-03-20 10:56:33.303257+00');
INSERT INTO public.verification (verif_id, user_id, purpose, value, consumed_at, expires_at, created_at) VALUES ('0f56eec5-0ced-4e93-b2d9-11bdb4eb244c', '6111c133-b6b8-41f8-bb62-f0f51145ff0f', 'email', 'DLJlfQ-LZrLJWWr6', '2026-03-18 13:56:33.303257+00', '2026-03-25 12:56:33.303257+00', '2026-03-18 10:56:33.303257+00');
INSERT INTO public.verification (verif_id, user_id, purpose, value, consumed_at, expires_at, created_at) VALUES ('ae015193-8655-4de5-a381-f6666174952b', '812a4f1c-03e8-4744-8806-dd2b284258cd', 'phone', 'z4zY52km6NjEJpMT', '2026-03-16 13:56:33.303257+00', '2026-03-23 12:56:33.303257+00', '2026-03-16 10:56:33.303257+00');
INSERT INTO public.verification (verif_id, user_id, purpose, value, consumed_at, expires_at, created_at) VALUES ('8b3ed40c-ec73-4f05-ad42-527e9f8739af', '1dd4913e-12f4-41cc-9db7-193b1d6fe4f0', 'email', 'Rd7a54uoIH3CF_ay', '2026-03-14 13:56:33.303257+00', '2026-03-21 12:56:33.303257+00', '2026-03-14 10:56:33.303257+00');
INSERT INTO public.verification (verif_id, user_id, purpose, value, consumed_at, expires_at, created_at) VALUES ('499ab0ae-ae0f-430a-bf1b-67ae6c6641fb', '40bc2369-abfb-4f50-ab74-136beeed0e7e', 'phone', 'P8yrzsb6WtQuqVkC', NULL, '2026-03-19 12:56:33.303257+00', '2026-03-12 10:56:33.303257+00');


--
-- Data for Name: wishlist; Type: TABLE DATA; Schema: public; Owner: admin@email.com
--

INSERT INTO public.wishlist (wishlist_id, user_id, name, created_at, updated_at) VALUES ('77c9c395-53c7-4ab1-9adb-1882371e74ae', 'e6c615da-c738-4821-a255-e9a1d875407e', 'Favoriten 1', '2026-04-19 12:56:33.629733+00', '2026-04-20 12:56:33.629738+00');
INSERT INTO public.wishlist (wishlist_id, user_id, name, created_at, updated_at) VALUES ('5ba91a49-ab8c-4580-84c1-782411961761', 'e5dd1972-3ad3-44ba-b637-4b4f33a35ea6', 'Favoriten 2', '2026-04-17 12:56:33.633448+00', '2026-04-19 12:56:33.633451+00');
INSERT INTO public.wishlist (wishlist_id, user_id, name, created_at, updated_at) VALUES ('6c3a3c00-ac16-42c0-876c-f7b4942572f4', '4c452305-cad1-4f02-a319-3ee53056b285', 'Favoritos 3', '2026-04-15 12:56:33.636996+00', '2026-04-18 12:56:33.636999+00');
INSERT INTO public.wishlist (wishlist_id, user_id, name, created_at, updated_at) VALUES ('247d07b3-016b-42b2-bc70-1f59b1b9265d', '6f5b7389-37e9-4beb-a9fb-eece23b25620', 'Favoriten 4', '2026-04-13 12:56:33.639709+00', '2026-04-17 12:56:33.639713+00');
INSERT INTO public.wishlist (wishlist_id, user_id, name, created_at, updated_at) VALUES ('8336317e-454f-4a2b-a16c-d000f9136dc6', 'd350b8c0-e651-4fca-83e0-a260c37ab713', 'Favoriten 5', '2026-04-11 12:56:33.642789+00', '2026-04-16 12:56:33.642792+00');
INSERT INTO public.wishlist (wishlist_id, user_id, name, created_at, updated_at) VALUES ('fca23924-0401-466f-993a-5c0ca1024990', 'd46b5356-6705-4c77-a399-3fa7194a2c7c', 'Favoriten 6', '2026-04-09 12:56:33.645807+00', '2026-04-15 12:56:33.64581+00');
INSERT INTO public.wishlist (wishlist_id, user_id, name, created_at, updated_at) VALUES ('a98314e1-19be-4dba-ae9d-50dce0fbbfcd', '930d2be9-94cc-4e37-9613-839a55b96f56', 'Favoriten 7', '2026-04-07 12:56:33.649108+00', '2026-04-14 12:56:33.649111+00');
INSERT INTO public.wishlist (wishlist_id, user_id, name, created_at, updated_at) VALUES ('dda19387-e2d4-4c70-b97f-ded509a152e9', '2fa62016-d8ae-4c9c-a3fa-62f8b75bd1af', 'Favoriten 8', '2026-04-05 12:56:33.651948+00', '2026-04-13 12:56:33.651952+00');
INSERT INTO public.wishlist (wishlist_id, user_id, name, created_at, updated_at) VALUES ('5ce74fc1-1435-491e-b685-e42193551e64', '944ef47b-4cf2-4f37-95ee-858e2ced0813', 'Favoriten 9', '2026-04-03 12:56:33.654585+00', '2026-04-12 12:56:33.654588+00');
INSERT INTO public.wishlist (wishlist_id, user_id, name, created_at, updated_at) VALUES ('54448ecf-ccea-45db-ae08-84d3a4684def', 'ae9be802-8d49-4f92-9ac8-6e83034b1846', 'Favoritos 10', '2026-04-01 12:56:33.657251+00', '2026-04-11 12:56:33.657256+00');
INSERT INTO public.wishlist (wishlist_id, user_id, name, created_at, updated_at) VALUES ('eedfabfa-cbb3-4dee-bb37-d2542d78acb2', '31fe1245-62ce-4085-8e37-90148aead1f4', 'Favoriten 11', '2026-03-30 12:56:33.659904+00', '2026-04-10 12:56:33.659907+00');
INSERT INTO public.wishlist (wishlist_id, user_id, name, created_at, updated_at) VALUES ('0ec2aeb4-5512-4e93-9c5a-aa15fa686374', '8a3304b0-e792-4104-8e1e-a9f4b4d61e50', 'Favoritos 12', '2026-03-28 12:56:33.662556+00', '2026-04-09 12:56:33.662559+00');
INSERT INTO public.wishlist (wishlist_id, user_id, name, created_at, updated_at) VALUES ('3bea0c53-ced3-43dd-970d-e5bfee498597', '296900cc-52f8-4e04-b191-3183108b18a3', 'Favoriten 13', '2026-03-26 12:56:33.665356+00', '2026-04-08 12:56:33.665359+00');
INSERT INTO public.wishlist (wishlist_id, user_id, name, created_at, updated_at) VALUES ('91d7c44f-3bcf-4fef-bdd8-599c99cecac3', 'bb80d9bb-f4fa-4832-957c-d8607c859c17', 'Favoriten 14', '2026-03-24 12:56:33.668103+00', '2026-04-07 12:56:33.668106+00');
INSERT INTO public.wishlist (wishlist_id, user_id, name, created_at, updated_at) VALUES ('468d5dad-733f-428c-a4d3-84a2f7a2d858', 'd6c79e69-c6b5-4744-9594-c6ac899f1f6d', 'Favoritos 15', '2026-03-22 12:56:33.670951+00', '2026-04-06 12:56:33.670954+00');
INSERT INTO public.wishlist (wishlist_id, user_id, name, created_at, updated_at) VALUES ('67e5c99b-5fea-447d-aaa6-298006aecdea', '769027f7-3ab5-4493-ada1-25da8bbe938e', 'Favoritos 16', '2026-03-20 12:56:33.673763+00', '2026-04-05 12:56:33.673766+00');
INSERT INTO public.wishlist (wishlist_id, user_id, name, created_at, updated_at) VALUES ('5202a9e5-a5be-429b-9aa1-e01b02445c7e', '6111c133-b6b8-41f8-bb62-f0f51145ff0f', 'Favoriten 17', '2026-03-18 12:56:33.676355+00', '2026-04-04 12:56:33.676358+00');
INSERT INTO public.wishlist (wishlist_id, user_id, name, created_at, updated_at) VALUES ('ebb3f1ec-8eab-4530-8eca-32909db49a95', '812a4f1c-03e8-4744-8806-dd2b284258cd', 'Favoriten 18', '2026-03-16 12:56:33.679285+00', '2026-04-03 12:56:33.679289+00');
INSERT INTO public.wishlist (wishlist_id, user_id, name, created_at, updated_at) VALUES ('995a6129-90f3-491b-b437-514ef4fba679', '1dd4913e-12f4-41cc-9db7-193b1d6fe4f0', 'Favoriten 19', '2026-03-14 12:56:33.681953+00', '2026-04-02 12:56:33.681956+00');
INSERT INTO public.wishlist (wishlist_id, user_id, name, created_at, updated_at) VALUES ('8c7a7186-f72b-4c8a-854c-be42b88cfc2d', '40bc2369-abfb-4f50-ab74-136beeed0e7e', 'Favoriten 20', '2026-03-12 12:56:33.684827+00', '2026-04-01 12:56:33.684831+00');


--
-- Data for Name: wishlist_item; Type: TABLE DATA; Schema: public; Owner: admin@email.com
--

INSERT INTO public.wishlist_item (wishlist_id, listing_id, added_at) VALUES ('77c9c395-53c7-4ab1-9adb-1882371e74ae', '50cf6d68-53e5-4a93-88cd-106150254dff', '2026-04-17 12:56:33.630931+00');
INSERT INTO public.wishlist_item (wishlist_id, listing_id, added_at) VALUES ('77c9c395-53c7-4ab1-9adb-1882371e74ae', '9da4bbc6-7318-43f8-ba1e-375c5fe4c454', '2026-04-17 12:56:33.63197+00');
INSERT INTO public.wishlist_item (wishlist_id, listing_id, added_at) VALUES ('77c9c395-53c7-4ab1-9adb-1882371e74ae', '507f6d0b-260f-43c3-805d-5e94e88704ad', '2026-04-17 12:56:33.632712+00');
INSERT INTO public.wishlist_item (wishlist_id, listing_id, added_at) VALUES ('5ba91a49-ab8c-4580-84c1-782411961761', '9da4bbc6-7318-43f8-ba1e-375c5fe4c454', '2026-04-16 12:56:33.634166+00');
INSERT INTO public.wishlist_item (wishlist_id, listing_id, added_at) VALUES ('5ba91a49-ab8c-4580-84c1-782411961761', '507f6d0b-260f-43c3-805d-5e94e88704ad', '2026-04-16 12:56:33.634912+00');
INSERT INTO public.wishlist_item (wishlist_id, listing_id, added_at) VALUES ('5ba91a49-ab8c-4580-84c1-782411961761', 'c6f22751-cfed-4406-a9ff-c924e0dba76b', '2026-04-16 12:56:33.635647+00');
INSERT INTO public.wishlist_item (wishlist_id, listing_id, added_at) VALUES ('6c3a3c00-ac16-42c0-876c-f7b4942572f4', '507f6d0b-260f-43c3-805d-5e94e88704ad', '2026-04-15 12:56:33.637719+00');
INSERT INTO public.wishlist_item (wishlist_id, listing_id, added_at) VALUES ('6c3a3c00-ac16-42c0-876c-f7b4942572f4', 'c6f22751-cfed-4406-a9ff-c924e0dba76b', '2026-04-15 12:56:33.638399+00');
INSERT INTO public.wishlist_item (wishlist_id, listing_id, added_at) VALUES ('6c3a3c00-ac16-42c0-876c-f7b4942572f4', 'c005af8b-1ed0-4024-a3b2-2a982b5ab623', '2026-04-15 12:56:33.639054+00');
INSERT INTO public.wishlist_item (wishlist_id, listing_id, added_at) VALUES ('247d07b3-016b-42b2-bc70-1f59b1b9265d', 'c6f22751-cfed-4406-a9ff-c924e0dba76b', '2026-04-14 12:56:33.640585+00');
INSERT INTO public.wishlist_item (wishlist_id, listing_id, added_at) VALUES ('247d07b3-016b-42b2-bc70-1f59b1b9265d', 'c005af8b-1ed0-4024-a3b2-2a982b5ab623', '2026-04-14 12:56:33.641272+00');
INSERT INTO public.wishlist_item (wishlist_id, listing_id, added_at) VALUES ('247d07b3-016b-42b2-bc70-1f59b1b9265d', '490d93a3-01d0-42f0-bdf7-f1e03a414142', '2026-04-14 12:56:33.642056+00');
INSERT INTO public.wishlist_item (wishlist_id, listing_id, added_at) VALUES ('8336317e-454f-4a2b-a16c-d000f9136dc6', 'c005af8b-1ed0-4024-a3b2-2a982b5ab623', '2026-04-13 12:56:33.643788+00');
INSERT INTO public.wishlist_item (wishlist_id, listing_id, added_at) VALUES ('8336317e-454f-4a2b-a16c-d000f9136dc6', '490d93a3-01d0-42f0-bdf7-f1e03a414142', '2026-04-13 12:56:33.644469+00');
INSERT INTO public.wishlist_item (wishlist_id, listing_id, added_at) VALUES ('8336317e-454f-4a2b-a16c-d000f9136dc6', '065c1c7d-e745-482f-a139-0ad42bf7891f', '2026-04-13 12:56:33.645156+00');
INSERT INTO public.wishlist_item (wishlist_id, listing_id, added_at) VALUES ('fca23924-0401-466f-993a-5c0ca1024990', '490d93a3-01d0-42f0-bdf7-f1e03a414142', '2026-04-12 12:56:33.647132+00');
INSERT INTO public.wishlist_item (wishlist_id, listing_id, added_at) VALUES ('fca23924-0401-466f-993a-5c0ca1024990', '065c1c7d-e745-482f-a139-0ad42bf7891f', '2026-04-12 12:56:33.647782+00');
INSERT INTO public.wishlist_item (wishlist_id, listing_id, added_at) VALUES ('fca23924-0401-466f-993a-5c0ca1024990', 'e235369f-d289-4a01-8825-b5dc6a29de3e', '2026-04-12 12:56:33.648464+00');
INSERT INTO public.wishlist_item (wishlist_id, listing_id, added_at) VALUES ('a98314e1-19be-4dba-ae9d-50dce0fbbfcd', '065c1c7d-e745-482f-a139-0ad42bf7891f', '2026-04-11 12:56:33.649769+00');
INSERT INTO public.wishlist_item (wishlist_id, listing_id, added_at) VALUES ('a98314e1-19be-4dba-ae9d-50dce0fbbfcd', 'e235369f-d289-4a01-8825-b5dc6a29de3e', '2026-04-11 12:56:33.650647+00');
INSERT INTO public.wishlist_item (wishlist_id, listing_id, added_at) VALUES ('a98314e1-19be-4dba-ae9d-50dce0fbbfcd', '0e155bb8-341a-431b-80a6-3a6dac7fb2dc', '2026-04-11 12:56:33.65129+00');
INSERT INTO public.wishlist_item (wishlist_id, listing_id, added_at) VALUES ('dda19387-e2d4-4c70-b97f-ded509a152e9', 'e235369f-d289-4a01-8825-b5dc6a29de3e', '2026-04-10 12:56:33.652616+00');
INSERT INTO public.wishlist_item (wishlist_id, listing_id, added_at) VALUES ('dda19387-e2d4-4c70-b97f-ded509a152e9', '0e155bb8-341a-431b-80a6-3a6dac7fb2dc', '2026-04-10 12:56:33.653308+00');
INSERT INTO public.wishlist_item (wishlist_id, listing_id, added_at) VALUES ('dda19387-e2d4-4c70-b97f-ded509a152e9', '09573caf-3611-446c-ba83-e3f22f011c8f', '2026-04-10 12:56:33.653942+00');
INSERT INTO public.wishlist_item (wishlist_id, listing_id, added_at) VALUES ('5ce74fc1-1435-491e-b685-e42193551e64', '0e155bb8-341a-431b-80a6-3a6dac7fb2dc', '2026-04-09 12:56:33.655251+00');
INSERT INTO public.wishlist_item (wishlist_id, listing_id, added_at) VALUES ('5ce74fc1-1435-491e-b685-e42193551e64', '09573caf-3611-446c-ba83-e3f22f011c8f', '2026-04-09 12:56:33.655904+00');
INSERT INTO public.wishlist_item (wishlist_id, listing_id, added_at) VALUES ('5ce74fc1-1435-491e-b685-e42193551e64', 'f6f5a641-00db-4f08-8c1b-f9f717c65a48', '2026-04-09 12:56:33.656572+00');
INSERT INTO public.wishlist_item (wishlist_id, listing_id, added_at) VALUES ('54448ecf-ccea-45db-ae08-84d3a4684def', '09573caf-3611-446c-ba83-e3f22f011c8f', '2026-04-08 12:56:33.657924+00');
INSERT INTO public.wishlist_item (wishlist_id, listing_id, added_at) VALUES ('54448ecf-ccea-45db-ae08-84d3a4684def', 'f6f5a641-00db-4f08-8c1b-f9f717c65a48', '2026-04-08 12:56:33.658619+00');
INSERT INTO public.wishlist_item (wishlist_id, listing_id, added_at) VALUES ('54448ecf-ccea-45db-ae08-84d3a4684def', '83681752-50c2-44dc-937f-f1c23f32c6a8', '2026-04-08 12:56:33.659259+00');
INSERT INTO public.wishlist_item (wishlist_id, listing_id, added_at) VALUES ('eedfabfa-cbb3-4dee-bb37-d2542d78acb2', 'f6f5a641-00db-4f08-8c1b-f9f717c65a48', '2026-04-07 12:56:33.660605+00');
INSERT INTO public.wishlist_item (wishlist_id, listing_id, added_at) VALUES ('eedfabfa-cbb3-4dee-bb37-d2542d78acb2', '83681752-50c2-44dc-937f-f1c23f32c6a8', '2026-04-07 12:56:33.661263+00');
INSERT INTO public.wishlist_item (wishlist_id, listing_id, added_at) VALUES ('eedfabfa-cbb3-4dee-bb37-d2542d78acb2', 'b912aa1f-0cef-448a-9ef0-dc1f176384d3', '2026-04-07 12:56:33.66191+00');
INSERT INTO public.wishlist_item (wishlist_id, listing_id, added_at) VALUES ('0ec2aeb4-5512-4e93-9c5a-aa15fa686374', '83681752-50c2-44dc-937f-f1c23f32c6a8', '2026-04-06 12:56:33.663236+00');
INSERT INTO public.wishlist_item (wishlist_id, listing_id, added_at) VALUES ('0ec2aeb4-5512-4e93-9c5a-aa15fa686374', 'b912aa1f-0cef-448a-9ef0-dc1f176384d3', '2026-04-06 12:56:33.664004+00');
INSERT INTO public.wishlist_item (wishlist_id, listing_id, added_at) VALUES ('0ec2aeb4-5512-4e93-9c5a-aa15fa686374', '1ebd3b20-20b1-46c0-9ada-487a0c891d32', '2026-04-06 12:56:33.664677+00');
INSERT INTO public.wishlist_item (wishlist_id, listing_id, added_at) VALUES ('3bea0c53-ced3-43dd-970d-e5bfee498597', 'b912aa1f-0cef-448a-9ef0-dc1f176384d3', '2026-04-05 12:56:33.66603+00');
INSERT INTO public.wishlist_item (wishlist_id, listing_id, added_at) VALUES ('3bea0c53-ced3-43dd-970d-e5bfee498597', '1ebd3b20-20b1-46c0-9ada-487a0c891d32', '2026-04-05 12:56:33.666787+00');
INSERT INTO public.wishlist_item (wishlist_id, listing_id, added_at) VALUES ('3bea0c53-ced3-43dd-970d-e5bfee498597', '45c1e23f-78e6-4942-bacf-e806e9715d35', '2026-04-05 12:56:33.667448+00');
INSERT INTO public.wishlist_item (wishlist_id, listing_id, added_at) VALUES ('91d7c44f-3bcf-4fef-bdd8-599c99cecac3', '1ebd3b20-20b1-46c0-9ada-487a0c891d32', '2026-04-04 12:56:33.668763+00');
INSERT INTO public.wishlist_item (wishlist_id, listing_id, added_at) VALUES ('91d7c44f-3bcf-4fef-bdd8-599c99cecac3', '45c1e23f-78e6-4942-bacf-e806e9715d35', '2026-04-04 12:56:33.669499+00');
INSERT INTO public.wishlist_item (wishlist_id, listing_id, added_at) VALUES ('91d7c44f-3bcf-4fef-bdd8-599c99cecac3', 'c8ebe1cb-8a6e-46cf-ad56-0556cdd2e74d', '2026-04-04 12:56:33.670178+00');
INSERT INTO public.wishlist_item (wishlist_id, listing_id, added_at) VALUES ('468d5dad-733f-428c-a4d3-84a2f7a2d858', '45c1e23f-78e6-4942-bacf-e806e9715d35', '2026-04-03 12:56:33.671808+00');
INSERT INTO public.wishlist_item (wishlist_id, listing_id, added_at) VALUES ('468d5dad-733f-428c-a4d3-84a2f7a2d858', 'c8ebe1cb-8a6e-46cf-ad56-0556cdd2e74d', '2026-04-03 12:56:33.672467+00');
INSERT INTO public.wishlist_item (wishlist_id, listing_id, added_at) VALUES ('468d5dad-733f-428c-a4d3-84a2f7a2d858', '10bf1f73-ddd0-43ad-9261-4e6461df2c69', '2026-04-03 12:56:33.673115+00');
INSERT INTO public.wishlist_item (wishlist_id, listing_id, added_at) VALUES ('67e5c99b-5fea-447d-aaa6-298006aecdea', 'c8ebe1cb-8a6e-46cf-ad56-0556cdd2e74d', '2026-04-02 12:56:33.67441+00');
INSERT INTO public.wishlist_item (wishlist_id, listing_id, added_at) VALUES ('67e5c99b-5fea-447d-aaa6-298006aecdea', '10bf1f73-ddd0-43ad-9261-4e6461df2c69', '2026-04-02 12:56:33.675066+00');
INSERT INTO public.wishlist_item (wishlist_id, listing_id, added_at) VALUES ('67e5c99b-5fea-447d-aaa6-298006aecdea', '5897fd5b-1ff0-40d5-8847-ad26ba980c73', '2026-04-02 12:56:33.675713+00');
INSERT INTO public.wishlist_item (wishlist_id, listing_id, added_at) VALUES ('5202a9e5-a5be-429b-9aa1-e01b02445c7e', '10bf1f73-ddd0-43ad-9261-4e6461df2c69', '2026-04-01 12:56:33.677004+00');
INSERT INTO public.wishlist_item (wishlist_id, listing_id, added_at) VALUES ('5202a9e5-a5be-429b-9aa1-e01b02445c7e', '5897fd5b-1ff0-40d5-8847-ad26ba980c73', '2026-04-01 12:56:33.677922+00');
INSERT INTO public.wishlist_item (wishlist_id, listing_id, added_at) VALUES ('5202a9e5-a5be-429b-9aa1-e01b02445c7e', '481a06f5-c5d6-4f5e-9c0a-722e30fd9380', '2026-04-01 12:56:33.678613+00');
INSERT INTO public.wishlist_item (wishlist_id, listing_id, added_at) VALUES ('ebb3f1ec-8eab-4530-8eca-32909db49a95', '5897fd5b-1ff0-40d5-8847-ad26ba980c73', '2026-03-31 12:56:33.67998+00');
INSERT INTO public.wishlist_item (wishlist_id, listing_id, added_at) VALUES ('ebb3f1ec-8eab-4530-8eca-32909db49a95', '481a06f5-c5d6-4f5e-9c0a-722e30fd9380', '2026-03-31 12:56:33.680666+00');
INSERT INTO public.wishlist_item (wishlist_id, listing_id, added_at) VALUES ('ebb3f1ec-8eab-4530-8eca-32909db49a95', 'a6f0ae97-50dd-4641-a610-28a5d2ea78a6', '2026-03-31 12:56:33.681299+00');
INSERT INTO public.wishlist_item (wishlist_id, listing_id, added_at) VALUES ('995a6129-90f3-491b-b437-514ef4fba679', '481a06f5-c5d6-4f5e-9c0a-722e30fd9380', '2026-03-30 12:56:33.682605+00');
INSERT INTO public.wishlist_item (wishlist_id, listing_id, added_at) VALUES ('995a6129-90f3-491b-b437-514ef4fba679', 'a6f0ae97-50dd-4641-a610-28a5d2ea78a6', '2026-03-30 12:56:33.683264+00');
INSERT INTO public.wishlist_item (wishlist_id, listing_id, added_at) VALUES ('995a6129-90f3-491b-b437-514ef4fba679', '50cf6d68-53e5-4a93-88cd-106150254dff', '2026-03-30 12:56:33.683906+00');
INSERT INTO public.wishlist_item (wishlist_id, listing_id, added_at) VALUES ('8c7a7186-f72b-4c8a-854c-be42b88cfc2d', 'a6f0ae97-50dd-4641-a610-28a5d2ea78a6', '2026-03-29 12:56:33.685584+00');
INSERT INTO public.wishlist_item (wishlist_id, listing_id, added_at) VALUES ('8c7a7186-f72b-4c8a-854c-be42b88cfc2d', '50cf6d68-53e5-4a93-88cd-106150254dff', '2026-03-29 12:56:33.686354+00');
INSERT INTO public.wishlist_item (wishlist_id, listing_id, added_at) VALUES ('8c7a7186-f72b-4c8a-854c-be42b88cfc2d', '9da4bbc6-7318-43f8-ba1e-375c5fe4c454', '2026-03-29 12:56:33.687073+00');


--
-- PostgreSQL database dump complete
--

\unrestrict LJp8omrxV62mMeIEwo0Hin3ZUl6KemtYYQyZZC2fkuvKyTigc5mpj6Gk3vaOWlz

